1.00E-11,7050.1
1.10E-11,6712.74
1.22E-11,6391.53
1.34E-11,6085.69
1.48E-11,5794.48
1.63E-11,5517.21
1.80E-11,5253.21
1.99E-11,5001.83
2.19E-11,4762.49
2.42E-11,4534.6
2.67E-11,4317.61
2.94E-11,4111.01
3.24E-11,3914.29
3.58E-11,3726.99
3.95E-11,3548.65
4.35E-11,3378.84
4.80E-11,3217.16
5.30E-11,3063.21
5.84E-11,2916.63
6.44E-11,2777.07
7.11E-11,2644.18
7.84E-11,2517.65
8.65E-11,2397.17
9.54E-11,2282.46
1.05E-10,2173.24
1.16E-10,2069.25
1.28E-10,1970.23
1.41E-10,1875.95
1.56E-10,1786.18
1.72E-10,1700.71
1.90E-10,1619.32
2.09E-10,1541.83
2.31E-10,1468.05
2.54E-10,1397.8
2.81E-10,1330.91
3.09E-10,1267.22
3.41E-10,1206.57
3.77E-10,1148.83
4.15E-10,1093.85
4.58E-10,1041.5
5.05E-10,991.661
5.57E-10,944.202
6.15E-10,899.014
6.78E-10,855.988
7.48E-10,815.02
8.25E-10,776.012
9.10E-10,738.87
1.00E-09,703.505
1.11E-09,669.832
1.22E-09,637.769
1.35E-09,607.241
1.49E-09,578.172
1.64E-09,550.494
1.81E-09,524.14
1.99E-09,499.046
2.20E-09,475.153
2.43E-09,452.402
2.68E-09,430.738
2.95E-09,410.111
3.26E-09,390.47
3.59E-09,371.769
3.96E-09,353.961
4.37E-09,337.006
4.82E-09,320.863
5.32E-09,305.493
5.87E-09,290.862
6.47E-09,276.934
7.14E-09,263.674
7.87E-09,251.048
8.68E-09,239.02
9.58E-09,227.559
1.06E-08,216.638
1.17E-08,206.235
1.29E-08,196.331
1.42E-08,186.905
1.56E-08,177.932
1.73E-08,169.387
1.90E-08,161.242
2.10E-08,153.481
2.32E-08,146.095
2.52E-08,139.887
2.53E-08,139.725
2.79E-08,132.996
3.08E-08,126.577
3.40E-08,120.458
3.75E-08,114.629
4.13E-08,109.078
4.56E-08,103.793
5.03E-08,98.7681
5.54E-08,93.9873
6.12E-08,89.4193
6.75E-08,85.0583
7.44E-08,80.9028
8.21E-08,76.9436
9.05E-08,73.1718
9.99E-08,69.5883
1.10E-07,66.1763
1.21E-07,62.905
1.34E-07,59.7842
1.48E-07,56.8089
1.63E-07,53.9719
1.80E-07,51.2659
1.98E-07,48.6844
2.19E-07,46.228
2.43E-07,43.7225
2.68E-07,41.4819
2.96E-07,39.3429
3.26E-07,37.3
3.60E-07,35.3486
3.97E-07,33.4837
4.38E-07,31.7159
4.80E-07,30.1287
5.25E-07,28.605
5.79E-07,27.0339
6.35E-07,25.6373
6.95E-07,24.295
7.61E-07,23.0073
8.34E-07,21.7702
9.26E-07,20.4102
1.02E-06,19.1878
1.12E-06,18.1008
1.22E-06,17.135
1.32E-06,16.2026
1.45E-06,15.2326
1.58E-06,14.3702
1.72E-06,13.5405
1.85E-06,12.8115
2.02E-06,12.0394
2.18E-06,11.3576
2.35E-06,10.6984
2.54E-06,10.0644
2.74E-06,9.45491
2.96E-06,8.86856
3.22E-06,8.25795
3.48E-06,7.71783
3.79E-06,7.15582
4.06E-06,6.70884
4.33E-06,6.32025
4.61E-06,5.95002
4.94E-06,5.55477
5.26E-06,5.21493
5.61E-06,4.8908
5.93E-06,4.6157
6.27E-06,4.35372
6.59E-06,4.13525
6.97E-06,3.89734
7.37E-06,3.67646
7.74E-06,3.49723
8.13E-06,3.33391
8.47E-06,3.20936
8.78E-06,3.11963
9.09E-06,3.04727
9.35E-06,3.0064
9.55E-06,2.98943
9.68E-06,2.9864
9.83E-06,2.99326
9.97E-06,3.01146
1.01E-05,3.04389
1.03E-05,3.09481
1.04E-05,3.14873
1.05E-05,3.22053
1.06E-05,3.31466
1.07E-05,3.39319
1.07E-05,3.48747
1.08E-05,3.60088
1.09E-05,3.7375
1.09E-05,3.85891
1.10E-05,3.99972
1.11E-05,4.16616
1.11E-05,4.36105
1.12E-05,4.59164
1.12E-05,4.77033
1.13E-05,4.97146
1.13E-05,5.19885
1.13E-05,5.45901
1.14E-05,5.75833
1.14E-05,6.01162
1.14E-05,6.29357
1.15E-05,6.60853
1.15E-05,6.96525
1.15E-05,7.36953
1.16E-05,7.82805
1.16E-05,8.35099
1.16E-05,8.74152
1.16E-05,9.17068
1.16E-05,9.62923
1.17E-05,10.1188
1.17E-05,10.6585
1.17E-05,11.2554
1.17E-05,11.9179
1.17E-05,12.6559
1.18E-05,13.4815
1.18E-05,14.409
1.18E-05,15.2826
1.18E-05,16.0645
1.18E-05,16.9189
1.18E-05,17.8552
1.18E-05,18.8844
1.19E-05,20.0191
1.19E-05,21.2746
1.19E-05,22.6688
1.19E-05,24.2864
1.19E-05,25.682
1.19E-05,27.2154
1.19E-05,28.9052
1.19E-05,30.7729
1.20E-05,32.9483
1.20E-05,34.6898
1.20E-05,36.5824
1.20E-05,38.6429
1.20E-05,40.8904
1.20E-05,43.346
1.20E-05,46.0332
1.20E-05,48.9781
1.20E-05,52.2093
1.20E-05,55.7582
1.20E-05,59.6584
1.20E-05,63.9459
1.20E-05,68.6587
1.21E-05,73.8357
1.21E-05,79.5167
1.21E-05,85.7404
1.21E-05,92.5435
1.21E-05,99.9587
1.21E-05,108.013
1.21E-05,116.726
1.21E-05,126.105
1.21E-05,136.146
1.21E-05,146.828
1.21E-05,163.962
1.22E-05,182.228
1.22E-05,246.179
1.22E-05,264.119
1.22E-05,278.008
1.22E-05,290.197
1.22E-05,297.181
1.22E-05,304.062
1.22E-05,309.361
1.23E-05,312.963
1.23E-05,314.786
1.23E-05,315.014
1.23E-05,313.734
1.23E-05,311.035
1.23E-05,306.418
1.23E-05,300.171
1.23E-05,290.716
1.23E-05,279.396
1.23E-05,263.123
1.23E-05,245.133
1.24E-05,181.276
1.24E-05,163.077
1.24E-05,146.01
1.24E-05,135.37
1.24E-05,125.367
1.24E-05,116.021
1.24E-05,107.335
1.25E-05,99.303
1.25E-05,91.9046
1.25E-05,85.1138
1.25E-05,78.898
1.25E-05,73.2214
1.25E-05,68.0456
1.25E-05,63.3321
1.25E-05,59.042
1.25E-05,55.1383
1.25E-05,51.5851
1.25E-05,48.3494
1.25E-05,45.3999
1.25E-05,42.7084
1.26E-05,40.2489
1.26E-05,37.998
1.26E-05,35.9346
1.26E-05,33.369
1.26E-05,31.4768
1.26E-05,29.7486
1.26E-05,28.1666
1.26E-05,26.2578
1.26E-05,24.5761
1.26E-05,23.0866
1.27E-05,21.7388
1.27E-05,20.5153
1.27E-05,19.401
1.27E-05,18.3833
1.27E-05,17.4512
1.27E-05,16.5952
1.27E-05,15.6649
1.27E-05,14.6914
1.28E-05,13.8161
1.28E-05,13.026
1.28E-05,12.3104
1.28E-05,11.6601
1.28E-05,11.0674
1.28E-05,10.5255
1.29E-05,9.9697
1.29E-05,9.4108
1.29E-05,8.9059
1.29E-05,8.44821
1.29E-05,8.03198
1.30E-05,7.65232
1.30E-05,7.30503
1.30E-05,6.83703
1.30E-05,6.51785
1.31E-05,6.22651
1.31E-05,5.83476
1.31E-05,5.48945
1.32E-05,5.18341
1.32E-05,4.91081
1.32E-05,4.66369
1.33E-05,4.44201
1.33E-05,4.30664
1.33E-05,4.06176
1.34E-05,3.84651
1.34E-05,3.65361
1.35E-05,3.48236
1.35E-05,3.32955
1.36E-05,3.19252
1.36E-05,3.06743
1.37E-05,2.90199
1.38E-05,2.75885
1.38E-05,2.63229
1.39E-05,2.52088
1.40E-05,2.4537
1.41E-05,2.33231
1.42E-05,2.22756
1.43E-05,2.13504
1.43E-05,2.05377
1.45E-05,1.98079
1.46E-05,1.88528
1.48E-05,1.8029
1.49E-05,1.73087
1.51E-05,1.66672
1.53E-05,1.5913
1.55E-05,1.52508
1.57E-05,1.46609
1.61E-05,1.38813
1.64E-05,1.31958
1.67E-05,1.25844
1.71E-05,1.20281
1.76E-05,1.13561
1.81E-05,1.07474
1.86E-05,1.01871
1.93E-05,0.9543
1.99E-05,0.895017
2.07E-05,0.840372
2.14E-05,0.789298
2.22E-05,0.741708
2.29E-05,0.697195
2.38E-05,0.65568
2.46E-05,0.616624
2.57E-05,0.573094
2.66E-05,0.539563
2.75E-05,0.508437
2.85E-05,0.479648
2.95E-05,0.453369
3.04E-05,0.434417
3.12E-05,0.41747
3.19E-05,0.406438
3.26E-05,0.397159
3.33E-05,0.390252
3.37E-05,0.387365
3.42E-05,0.386465
3.45E-05,0.387447
3.49E-05,0.39042
3.53E-05,0.396112
3.55E-05,0.40197
3.58E-05,0.410053
3.60E-05,0.418018
3.62E-05,0.428024
3.63E-05,0.440788
3.65E-05,0.456943
3.67E-05,0.47022
3.68E-05,0.486266
3.69E-05,0.50553
3.70E-05,0.522594
3.71E-05,0.542417
3.72E-05,0.565721
3.73E-05,0.593484
3.74E-05,0.614864
3.74E-05,0.639004
3.75E-05,0.666418
3.76E-05,0.697751
3.76E-05,0.733802
3.77E-05,0.76453
3.78E-05,0.808237
3.78E-05,0.844714
3.78E-05,0.88563
3.79E-05,0.931751
3.79E-05,0.98402
3.80E-05,1.04361
3.80E-05,1.09398
3.80E-05,1.15005
3.81E-05,1.21822
3.81E-05,1.27672
3.81E-05,1.34142
3.82E-05,1.41325
3.82E-05,1.49335
3.82E-05,1.5831
3.83E-05,1.68418
3.83E-05,1.76867
3.83E-05,1.86176
3.83E-05,1.95958
3.83E-05,2.06768
3.84E-05,2.18763
3.84E-05,2.32134
3.84E-05,2.47114
3.84E-05,2.59576
3.84E-05,2.73249
3.84E-05,2.88305
3.85E-05,3.04949
3.85E-05,3.24725
3.85E-05,3.46937
3.85E-05,3.65445
3.85E-05,3.85771
3.85E-05,4.08155
3.85E-05,4.32875
3.85E-05,4.60246
3.86E-05,4.90629
3.86E-05,5.2443
3.86E-05,5.62107
3.86E-05,5.93935
3.86E-05,6.28594
3.86E-05,6.66355
3.86E-05,7.07507
3.86E-05,7.52359
3.86E-05,8.01236
3.86E-05,8.54477
3.87E-05,9.12429
3.87E-05,9.84067
3.87E-05,10.627
3.87E-05,11.4886
3.87E-05,12.4302
3.87E-05,13.212
3.87E-05,14.4828
3.87E-05,15.8763
3.87E-05,17.3963
3.88E-05,19.0449
3.88E-05,20.8217
3.88E-05,22.7235
3.88E-05,24.7441
3.88E-05,27.6052
3.88E-05,31.4002
3.89E-05,40.903
3.89E-05,43.9489
3.89E-05,46.7979
3.89E-05,49.3647
3.89E-05,51.5677
3.90E-05,52.9364
3.90E-05,54.0948
3.90E-05,54.9165
3.90E-05,55.364
3.90E-05,55.4918
3.90E-05,55.4124
3.90E-05,55.0885
3.90E-05,54.4239
3.90E-05,53.6029
3.91E-05,52.1151
3.91E-05,50.5918
3.91E-05,48.2135
3.91E-05,45.5105
3.91E-05,42.5664
3.91E-05,36.2922
3.92E-05,30.7819
3.92E-05,27.0342
3.92E-05,24.2194
3.92E-05,22.2366
3.92E-05,20.3738
3.92E-05,18.6364
3.93E-05,17.0268
3.93E-05,15.5446
3.93E-05,14.1874
3.93E-05,12.9508
3.93E-05,12.1906
3.93E-05,11.3091
3.93E-05,10.5779
3.93E-05,9.90226
3.93E-05,9.27888
3.94E-05,8.70442
3.94E-05,8.1812
3.94E-05,7.70981
3.94E-05,7.27517
3.94E-05,6.87452
3.94E-05,6.38866
3.94E-05,5.95269
3.94E-05,5.56122
3.94E-05,5.20932
3.94E-05,4.89253
3.95E-05,4.64929
3.95E-05,4.37851
3.95E-05,4.1342
3.95E-05,3.91321
3.95E-05,3.71281
3.95E-05,3.53058
3.95E-05,3.31229
3.95E-05,3.11837
3.96E-05,2.94532
3.96E-05,2.7902
3.96E-05,2.65889
3.96E-05,2.53952
3.96E-05,2.3965
3.96E-05,2.26937
3.97E-05,2.15586
3.97E-05,2.05409
3.97E-05,1.96251
3.97E-05,1.87983
3.98E-05,1.77359
3.98E-05,1.68263
3.98E-05,1.60293
3.98E-05,1.53287
3.99E-05,1.47111
3.99E-05,1.43399
3.99E-05,1.3683
4.00E-05,1.31249
4.00E-05,1.26511
4.00E-05,1.22501
4.01E-05,1.18963
4.01E-05,1.1604
4.02E-05,1.13664
4.02E-05,1.11778
4.03E-05,1.09777
4.03E-05,1.08673
4.04E-05,1.08399
4.04E-05,1.08547
4.05E-05,1.09223
4.05E-05,1.10423
4.06E-05,1.12157
4.06E-05,1.14443
4.07E-05,1.17315
4.07E-05,1.20817
4.08E-05,1.25009
4.08E-05,1.29176
4.08E-05,1.33956
4.09E-05,1.39422
4.09E-05,1.45661
4.10E-05,1.52781
4.10E-05,1.60913
4.11E-05,1.70219
4.11E-05,1.78085
4.11E-05,1.89496
4.12E-05,1.99029
4.12E-05,2.09624
4.12E-05,2.21435
4.13E-05,2.34644
4.13E-05,2.49476
4.13E-05,2.66201
4.13E-05,2.80187
4.14E-05,2.9923
4.14E-05,3.14627
4.14E-05,3.31518
4.14E-05,3.5011
4.14E-05,3.70644
4.15E-05,3.93413
4.15E-05,4.18767
4.15E-05,4.47133
4.15E-05,4.72343
4.15E-05,5.00137
4.16E-05,5.30899
4.16E-05,5.6509
4.16E-05,6.03259
4.16E-05,6.34891
4.16E-05,6.69457
4.16E-05,7.07333
4.16E-05,7.48948
4.16E-05,7.98824
4.17E-05,8.54383
4.17E-05,9.16451
4.17E-05,9.67835
4.17E-05,10.2385
4.17E-05,10.8499
4.17E-05,11.5177
4.17E-05,12.2478
4.17E-05,13.0463
4.17E-05,13.9809
4.18E-05,15.1452
4.18E-05,16.4414
4.18E-05,17.883
4.18E-05,18.9317
4.18E-05,20.6469
4.18E-05,21.9737
4.18E-05,23.4864
4.18E-05,25.1137
4.18E-05,26.8607
4.18E-05,28.6444
4.18E-05,31.3962
4.19E-05,34.3947
4.19E-05,37.6442
4.19E-05,41.1451
4.19E-05,44.8924
4.19E-05,48.8757
4.19E-05,54.5235
4.19E-05,62.0378
4.20E-05,74.6959
4.20E-05,86.9724
4.20E-05,92.5975
4.20E-05,97.8037
4.21E-05,102.454
4.21E-05,106.607
4.21E-05,109.143
4.21E-05,111.13
4.21E-05,112.531
4.21E-05,113.318
4.21E-05,113.496
4.21E-05,113.34
4.21E-05,112.707
4.22E-05,111.409
4.22E-05,108.843
4.22E-05,105.952
4.22E-05,101.663
4.22E-05,96.6429
4.22E-05,91.0436
4.23E-05,81.9101
4.23E-05,62.8987
4.23E-05,55.3497
4.23E-05,49.6604
4.24E-05,45.6399
4.24E-05,41.8511
4.24E-05,38.3057
4.24E-05,35.0096
4.24E-05,31.9634
4.24E-05,29.1635
4.24E-05,26.6027
4.24E-05,24.4569
4.25E-05,22.8378
4.25E-05,21.3357
4.25E-05,19.9446
4.25E-05,18.6581
4.25E-05,17.4699
4.25E-05,16.3037
4.25E-05,15.2345
4.25E-05,14.255
4.25E-05,13.3579
4.25E-05,12.5365
4.25E-05,11.7842
4.26E-05,11.095
4.26E-05,10.4633
4.26E-05,9.83202
4.26E-05,9.25686
4.26E-05,8.73216
4.26E-05,8.25271
4.26E-05,7.81387
4.26E-05,7.41143
4.26E-05,6.92508
4.27E-05,6.48907
4.27E-05,6.09675
4.27E-05,5.69463
4.27E-05,5.38867
4.27E-05,5.10933
4.27E-05,4.77297
4.28E-05,4.47224
4.28E-05,4.20206
4.28E-05,3.95824
4.28E-05,3.73728
4.28E-05,3.53629
4.28E-05,3.31423
4.29E-05,3.11465
4.29E-05,2.93451
4.29E-05,2.77127
4.29E-05,2.62281
4.30E-05,2.48734
4.30E-05,2.36335
4.30E-05,2.21044
4.30E-05,2.09988
4.31E-05,1.96656
4.31E-05,1.84721
4.31E-05,1.73991
4.32E-05,1.64305
4.32E-05,1.55531
4.32E-05,1.47555
4.33E-05,1.37877
4.33E-05,1.31089
4.33E-05,1.22936
4.34E-05,1.1567
4.34E-05,1.09164
4.35E-05,1.03314
4.35E-05,0.980326
4.36E-05,0.932485
4.36E-05,0.874263
4.37E-05,0.832839
4.38E-05,0.783402
4.38E-05,0.739645
4.39E-05,0.700715
4.39E-05,0.665904
4.40E-05,0.634624
4.41E-05,0.606393
4.41E-05,0.580816
4.42E-05,0.553391
4.43E-05,0.528805
4.44E-05,0.506673
4.45E-05,0.477381
4.46E-05,0.452006
4.47E-05,0.429859
4.48E-05,0.410234
4.50E-05,0.392852
4.51E-05,0.377438
4.52E-05,0.359374
4.54E-05,0.343663
4.56E-05,0.329741
4.57E-05,0.317507
4.59E-05,0.306684
4.61E-05,0.292567
4.64E-05,0.280482
4.66E-05,0.270131
4.69E-05,0.261109
4.72E-05,0.250831
4.75E-05,0.242178
4.78E-05,0.234872
4.82E-05,0.228604
4.87E-05,0.220953
4.92E-05,0.215079
4.97E-05,0.210863
5.02E-05,0.208358
5.07E-05,0.207463
5.11E-05,0.207905
5.14E-05,0.209367
5.18E-05,0.212111
5.20E-05,0.215249
5.23E-05,0.219529
5.26E-05,0.225212
5.29E-05,0.23263
5.31E-05,0.238867
5.32E-05,0.246312
5.34E-05,0.255219
5.36E-05,0.265909
5.38E-05,0.275476
5.39E-05,0.286518
5.40E-05,0.29935
5.42E-05,0.314381
5.43E-05,0.325851
5.44E-05,0.338675
5.45E-05,0.353233
5.46E-05,0.369643
5.47E-05,0.388218
5.48E-05,0.40934
5.49E-05,0.433479
5.49E-05,0.453905
5.50E-05,0.476644
5.51E-05,0.502053
5.51E-05,0.530567
5.52E-05,0.564636
5.53E-05,0.58998
5.53E-05,0.61774
5.54E-05,0.648233
5.54E-05,0.681824
5.55E-05,0.718944
5.55E-05,0.760104
5.56E-05,0.801103
5.56E-05,0.841127
5.56E-05,0.884972
5.57E-05,0.933142
5.57E-05,0.98623
5.58E-05,1.04494
5.58E-05,1.11011
5.58E-05,1.18273
5.59E-05,1.25545
5.59E-05,1.32683
5.59E-05,1.40546
5.60E-05,1.49238
5.60E-05,1.58884
5.60E-05,1.69632
5.61E-05,1.81663
5.61E-05,1.9166
5.61E-05,2.02614
5.61E-05,2.13609
5.62E-05,2.25641
5.62E-05,2.3885
5.62E-05,2.53406
5.62E-05,2.69512
5.63E-05,2.87412
5.63E-05,3.07405
5.63E-05,3.23991
5.63E-05,3.39854
5.63E-05,3.61455
5.64E-05,3.85485
5.64E-05,4.12346
5.64E-05,4.34641
5.64E-05,4.59043
5.64E-05,4.85833
5.64E-05,5.15332
5.64E-05,5.47914
5.65E-05,5.84002
5.65E-05,6.25653
5.65E-05,6.60082
5.65E-05,6.97569
5.65E-05,7.38436
5.65E-05,7.83036
5.65E-05,8.31754
5.65E-05,8.85005
5.65E-05,9.43238
5.65E-05,10.0693
5.66E-05,10.7661
5.66E-05,11.3626
5.66E-05,12.107
5.66E-05,12.9141
5.66E-05,13.7883
5.66E-05,14.7344
5.66E-05,15.7571
5.66E-05,16.8609
5.66E-05,18.0504
5.66E-05,19.4966
5.67E-05,21.2443
5.67E-05,23.1471
5.67E-05,25.211
5.67E-05,27.0572
5.67E-05,29.4264
5.67E-05,31.964
5.67E-05,34.668
5.67E-05,38.5235
5.68E-05,42.6459
5.68E-05,47.004
5.68E-05,53.8865
5.69E-05,70.2066
5.69E-05,76.2275
5.69E-05,80.3464
5.69E-05,84.0706
5.69E-05,87.3115
5.69E-05,89.9889
5.70E-05,92.119
5.70E-05,93.2905
5.70E-05,93.9863
5.70E-05,94.0829
5.70E-05,93.8833
5.70E-05,92.9759
5.70E-05,91.6916
5.71E-05,90.1822
5.71E-05,87.8461
5.71E-05,84.8753
5.71E-05,81.2607
5.71E-05,77.2316
5.71E-05,70.6136
5.72E-05,51.7674
5.72E-05,45.0113
5.72E-05,40.7635
5.73E-05,36.7657
5.73E-05,33.9474
5.73E-05,31.2914
5.73E-05,28.8017
5.73E-05,26.1825
5.73E-05,24.4621
5.73E-05,22.8462
5.73E-05,21.3323
5.74E-05,19.5788
5.74E-05,17.9728
5.74E-05,16.5066
5.74E-05,15.1714
5.74E-05,13.9586
5.74E-05,13.0348
5.74E-05,12.2662
5.74E-05,11.5534
5.74E-05,10.6834
5.75E-05,9.8976
5.75E-05,9.18808
5.75E-05,8.54741
5.75E-05,7.96868
5.75E-05,7.44553
5.75E-05,6.97212
5.75E-05,6.54315
5.75E-05,6.15385
5.75E-05,5.79991
5.76E-05,5.47748
5.76E-05,5.18313
5.76E-05,5.00098
5.76E-05,4.66684
5.76E-05,4.36821
5.76E-05,4.10018
5.76E-05,3.87302
5.77E-05,3.66622
5.77E-05,3.53844
5.77E-05,3.30422
5.77E-05,3.09487
5.77E-05,2.90681
5.78E-05,2.73707
5.78E-05,2.58321
5.78E-05,2.4432
5.78E-05,2.31839
5.78E-05,2.2038
5.79E-05,2.06496
5.79E-05,1.94
5.79E-05,1.82706
5.79E-05,1.7246
5.80E-05,1.63131
5.80E-05,1.54611
5.80E-05,1.45378
5.81E-05,1.35757
5.81E-05,1.27155
5.81E-05,1.19431
5.82E-05,1.12465
5.82E-05,1.06162
5.82E-05,1.00437
5.83E-05,0.952211
5.83E-05,0.898876
5.84E-05,0.845417
5.84E-05,0.79727
5.85E-05,0.753747
5.85E-05,0.714266
5.85E-05,0.678338
5.86E-05,0.645544
5.86E-05,0.615526
5.87E-05,0.582163
5.88E-05,0.546845
5.88E-05,0.515362
5.89E-05,0.487175
5.90E-05,0.461829
5.90E-05,0.438946
5.91E-05,0.418206
5.91E-05,0.399342
5.92E-05,0.377755
5.93E-05,0.365807
5.94E-05,0.344146
5.95E-05,0.325066
5.96E-05,0.308166
5.97E-05,0.29312
5.98E-05,0.279661
5.99E-05,0.267567
6.00E-05,0.256659
6.01E-05,0.246342
6.03E-05,0.232683
6.04E-05,0.220817
6.06E-05,0.210413
6.07E-05,0.20124
6.08E-05,0.195714
6.11E-05,0.185733
6.13E-05,0.177124
6.15E-05,0.16963
6.17E-05,0.163054
6.19E-05,0.15716
6.22E-05,0.149512
6.26E-05,0.143037
6.29E-05,0.137361
6.32E-05,0.132405
6.37E-05,0.126667
6.41E-05,0.12172
6.46E-05,0.117397
6.50E-05,0.113575
6.57E-05,0.108573
6.64E-05,0.104242
6.71E-05,0.100442
6.81E-05,0.0959872
6.90E-05,0.0920658
7.00E-05,0.0885881
7.10E-05,0.085439
7.25E-05,0.0812418
7.40E-05,0.0775511
7.56E-05,0.0742861
7.72E-05,0.0714144
7.88E-05,0.068898
8.05E-05,0.0667452
8.16E-05,0.0655142
8.28E-05,0.0644516
8.46E-05,0.0632873
8.58E-05,0.0627924
8.70E-05,0.062591
8.82E-05,0.0627785
8.91E-05,0.0632113
9.01E-05,0.063952
9.10E-05,0.0650678
9.20E-05,0.066665
9.26E-05,0.068074
9.33E-05,0.0698071
9.39E-05,0.0719386
9.44E-05,0.0738134
9.49E-05,0.0760478
9.54E-05,0.0786645
9.59E-05,0.0817218
9.64E-05,0.085384
9.70E-05,0.0896321
9.73E-05,0.0929144
9.76E-05,0.0966594
9.80E-05,0.100886
9.83E-05,0.105685
9.87E-05,0.111136
9.90E-05,0.117442
9.93E-05,0.122758
9.95E-05,0.128675
9.98E-05,0.135314
1.00E-04,0.142767
1.00E-04,0.15129
1.01E-04,0.160951
1.01E-04,0.171958
1.01E-04,0.180169
1.01E-04,0.189182
1.01E-04,0.199104
1.02E-04,0.209004
1.02E-04,0.223887
1.02E-04,0.234936
1.02E-04,0.247016
1.02E-04,0.260255
1.02E-04,0.274797
1.02E-04,0.290813
1.03E-04,0.308522
1.03E-04,0.330517
1.03E-04,0.346733
1.03E-04,0.364355
1.03E-04,0.383545
1.03E-04,0.404492
1.03E-04,0.427417
1.03E-04,0.452577
1.04E-04,0.47738
1.04E-04,0.501357
1.04E-04,0.527363
1.04E-04,0.555637
1.04E-04,0.58645
1.04E-04,0.620117
1.04E-04,0.657001
1.04E-04,0.697526
1.04E-04,0.736357
1.04E-04,0.791558
1.04E-04,0.832093
1.04E-04,0.876008
1.04E-04,0.923697
1.05E-04,0.975617
1.05E-04,1.03229
1.05E-04,1.09433
1.05E-04,1.15064
1.05E-04,1.21164
1.05E-04,1.27787
1.05E-04,1.34994
1.05E-04,1.42858
1.05E-04,1.51462
1.05E-04,1.60902
1.05E-04,1.71294
1.05E-04,1.80381
1.05E-04,1.90243
1.05E-04,2.00971
1.05E-04,2.12672
1.05E-04,2.25472
1.05E-04,2.39513
1.05E-04,2.54969
1.05E-04,2.7204
1.05E-04,2.86048
1.05E-04,3.0122
1.06E-04,3.17692
1.06E-04,3.35626
1.06E-04,3.55207
1.06E-04,3.76655
1.06E-04,4.00229
1.06E-04,4.2624
1.06E-04,4.51041
1.06E-04,4.78243
1.06E-04,5.08197
1.06E-04,5.41322
1.06E-04,5.78135
1.06E-04,6.19265
1.06E-04,6.53414
1.06E-04,6.90829
1.06E-04,7.39813
1.06E-04,7.87378
1.06E-04,8.40351
1.06E-04,8.9964
1.06E-04,9.48901
1.06E-04,10.0286
1.06E-04,10.6213
1.06E-04,11.2742
1.06E-04,11.9952
1.06E-04,12.7933
1.06E-04,13.4942
1.06E-04,14.257
1.06E-04,15.0878
1.06E-04,15.9938
1.06E-04,16.9825
1.06E-04,18.0622
1.06E-04,19.2417
1.06E-04,20.5305
1.06E-04,21.9389
1.06E-04,23.4775
1.06E-04,25.0849
1.06E-04,26.6748
1.06E-04,28.3904
1.06E-04,30.2399
1.06E-04,32.232
1.06E-04,34.3754
1.06E-04,36.6793
1.06E-04,39.1523
1.06E-04,42.7274
1.06E-04,46.6379
1.06E-04,50.2086
1.06E-04,54.9212
1.06E-04,60.0392
1.06E-04,65.5753
1.06E-04,71.5372
1.06E-04,77.9283
1.06E-04,86.5174
1.06E-04,95.7534
1.06E-04,106.73
1.07E-04,120.782
1.07E-04,135.61
1.07E-04,181.816
1.07E-04,196.55
1.07E-04,210.239
1.07E-04,222.444
1.07E-04,229.55
1.07E-04,235.7
1.07E-04,240.793
1.07E-04,245.237
1.07E-04,248.077
1.07E-04,249.143
1.07E-04,249.278
1.07E-04,248.386
1.07E-04,246.384
1.07E-04,243.076
1.07E-04,238.591
1.07E-04,233.004
1.07E-04,226.408
1.07E-04,214.853
1.07E-04,201.665
1.07E-04,187.277
1.07E-04,156.646
1.07E-04,131.141
1.07E-04,116.545
1.07E-04,104.564
1.07E-04,94.1649
1.07E-04,86.823
1.07E-04,79.1495
1.07E-04,71.9995
1.07E-04,65.3771
1.07E-04,60.7542
1.07E-04,57.1234
1.07E-04,53.027
1.07E-04,49.2068
1.07E-04,45.6536
1.07E-04,42.356
1.07E-04,39.3026
1.07E-04,36.4809
1.07E-04,33.8785
1.07E-04,31.8674
1.07E-04,29.6325
1.07E-04,27.5795
1.07E-04,25.6957
1.07E-04,23.9688
1.07E-04,22.3869
1.07E-04,20.9384
1.07E-04,19.6123
1.07E-04,18.3985
1.07E-04,17.2874
1.07E-04,16.2698
1.07E-04,15.2632
1.07E-04,14.3132
1.08E-04,13.4505
1.08E-04,12.6658
1.08E-04,11.951
1.08E-04,11.2987
1.08E-04,10.7023
1.08E-04,9.98378
1.08E-04,9.34193
1.08E-04,8.76623
1.08E-04,8.24774
1.08E-04,7.77894
1.08E-04,7.35335
1.08E-04,6.96552
1.08E-04,6.61081
1.08E-04,6.28526
1.08E-04,5.89079
1.08E-04,5.53559
1.08E-04,5.21415
1.08E-04,4.88736
1.08E-04,4.56142
1.08E-04,4.26899
1.08E-04,4.00534
1.08E-04,3.76662
1.08E-04,3.54961
1.08E-04,3.35165
1.08E-04,3.17048
1.08E-04,2.99094
1.08E-04,2.81474
1.08E-04,2.65421
1.08E-04,2.50748
1.08E-04,2.37297
1.08E-04,2.24934
1.08E-04,2.13542
1.08E-04,1.98057
1.08E-04,1.86124
1.08E-04,1.75269
1.09E-04,1.65363
1.09E-04,1.56298
1.09E-04,1.4798
1.09E-04,1.40328
1.09E-04,1.33272
1.09E-04,1.26751
1.09E-04,1.18798
1.09E-04,1.11594
1.09E-04,1.05047
1.09E-04,0.990801
1.09E-04,0.936248
1.09E-04,0.886237
1.09E-04,0.840271
1.09E-04,0.797917
1.09E-04,0.752573
1.09E-04,0.711128
1.09E-04,0.673146
1.10E-04,0.638253
1.10E-04,0.606124
1.10E-04,0.562499
1.10E-04,0.523646
1.10E-04,0.493627
1.10E-04,0.46626
1.10E-04,0.441242
1.10E-04,0.41831
1.10E-04,0.397238
1.10E-04,0.377829
1.11E-04,0.351465
1.11E-04,0.332126
1.11E-04,0.311429
1.11E-04,0.292781
1.11E-04,0.275925
1.11E-04,0.260637
1.11E-04,0.246717
1.12E-04,0.233995
1.12E-04,0.222339
1.12E-04,0.210458
1.12E-04,0.198562
1.12E-04,0.187785
1.12E-04,0.177992
1.13E-04,0.169066
1.13E-04,0.160906
1.13E-04,0.153428
1.13E-04,0.143327
1.13E-04,0.136522
1.13E-04,0.130292
1.14E-04,0.121892
1.14E-04,0.114468
1.14E-04,0.107876
1.15E-04,0.10201
1.15E-04,0.0964847
1.15E-04,0.0915142
1.16E-04,0.0870402
1.16E-04,0.0830134
1.16E-04,0.0782324
1.17E-04,0.0739654
1.17E-04,0.0701936
1.17E-04,0.0668473
1.18E-04,0.0638567
1.18E-04,0.0602061
1.19E-04,0.0570471
1.20E-04,0.0542019
1.20E-04,0.0515747
1.21E-04,0.0492782
1.21E-04,0.0473747
1.22E-04,0.0452389
1.23E-04,0.0433063
1.24E-04,0.0415732
1.25E-04,0.0401011
1.26E-04,0.0388498
1.27E-04,0.0378417
1.28E-04,0.0366789
1.29E-04,0.0360037
1.30E-04,0.0354796
1.30E-04,0.035107
1.32E-04,0.0347919
1.32E-04,0.0347623
1.33E-04,0.0348245
1.34E-04,0.0350267
1.35E-04,0.0354268
1.36E-04,0.0360344
1.37E-04,0.0368845
1.38E-04,0.0377054
1.38E-04,0.0387105
1.39E-04,0.0399309
1.40E-04,0.0414064
1.40E-04,0.0429274
1.41E-04,0.0447192
1.42E-04,0.0468664
1.42E-04,0.0485488
1.42E-04,0.0504441
1.43E-04,0.0525841
1.43E-04,0.0550705
1.44E-04,0.0579872
1.44E-04,0.0604599
1.44E-04,0.0632157
1.45E-04,0.0662985
1.45E-04,0.0697649
1.45E-04,0.0736713
1.46E-04,0.0780732
1.46E-04,0.0830752
1.46E-04,0.0868109
1.46E-04,0.0909107
1.47E-04,0.0953073
1.47E-04,0.100022
1.47E-04,0.105212
1.47E-04,0.110946
1.48E-04,0.1173
1.48E-04,0.124368
1.48E-04,0.13226
1.48E-04,0.141111
1.48E-04,0.149247
1.49E-04,0.159995
1.49E-04,0.16794
1.49E-04,0.176592
1.49E-04,0.186037
1.49E-04,0.196376
1.49E-04,0.207734
1.49E-04,0.220256
1.50E-04,0.23637
1.50E-04,0.248244
1.50E-04,0.261144
1.50E-04,0.275192
1.50E-04,0.290527
1.50E-04,0.307313
1.50E-04,0.325741
1.50E-04,0.343913
1.50E-04,0.361486
1.50E-04,0.380556
1.51E-04,0.401297
1.51E-04,0.423914
1.51E-04,0.44864
1.51E-04,0.475749
1.51E-04,0.505557
1.51E-04,0.534145
1.51E-04,0.574834
1.51E-04,0.604751
1.51E-04,0.6372
1.51E-04,0.672483
1.51E-04,0.710947
1.51E-04,0.752994
1.51E-04,0.799094
1.51E-04,0.841001
1.51E-04,0.88647
1.52E-04,0.935925
1.52E-04,0.989855
1.52E-04,1.04883
1.52E-04,1.11351
1.52E-04,1.18468
1.52E-04,1.26327
1.52E-04,1.33221
1.52E-04,1.40725
1.52E-04,1.48917
1.52E-04,1.57887
1.52E-04,1.67741
1.52E-04,1.78606
1.52E-04,1.90632
1.52E-04,2.04004
1.52E-04,2.15049
1.52E-04,2.2709
1.52E-04,2.40261
1.52E-04,2.54725
1.52E-04,2.70675
1.52E-04,2.88351
1.52E-04,3.08045
1.52E-04,3.24355
1.52E-04,3.40539
1.52E-04,3.6315
1.52E-04,3.88477
1.52E-04,4.09554
1.53E-04,4.32695
1.53E-04,4.58202
1.53E-04,4.86424
1.53E-04,5.17767
1.53E-04,5.5271
1.53E-04,5.91812
1.53E-04,6.28618
1.53E-04,6.65436
1.53E-04,7.05831
1.53E-04,7.50226
1.53E-04,7.99078
1.53E-04,8.52894
1.53E-04,9.12228
1.53E-04,9.77687
1.53E-04,10.4993
1.53E-04,11.2966
1.53E-04,12.1765
1.53E-04,12.9453
1.53E-04,13.7765
1.53E-04,14.6747
1.53E-04,15.6446
1.53E-04,16.6911
1.53E-04,17.8191
1.53E-04,19.0339
1.53E-04,20.3402
1.53E-04,21.7437
1.53E-04,23.249
1.53E-04,25.2817
1.53E-04,27.3381
1.53E-04,29.5553
1.53E-04,31.9399
1.53E-04,34.4979
1.53E-04,37.2343
1.53E-04,40.1525
1.53E-04,43.255
1.53E-04,47.1741
1.53E-04,52.0299
1.53E-04,57.2238
1.53E-04,62.7401
1.53E-04,69.3015
1.53E-04,78.9517
1.53E-04,91.8198
1.53E-04,112.776
1.53E-04,123.292
1.53E-04,130.636
1.53E-04,137.329
1.53E-04,143.21
1.53E-04,148.133
1.53E-04,151.972
1.53E-04,154.195
1.53E-04,155.62
1.53E-04,156.245
1.54E-04,155.843
1.54E-04,154.259
1.54E-04,151.396
1.54E-04,147.364
1.54E-04,142.271
1.54E-04,136.245
1.54E-04,129.437
1.54E-04,122.006
1.54E-04,108.695
1.54E-04,83.9339
1.54E-04,74.4277
1.54E-04,66.4003
1.54E-04,59.3223
1.54E-04,54.873
1.54E-04,49.6339
1.54E-04,45.2356
1.54E-04,41.1422
1.54E-04,37.3531
1.54E-04,33.8639
1.54E-04,31.7003
1.54E-04,29.0115
1.54E-04,26.5387
1.54E-04,24.2717
1.54E-04,22.7001
1.54E-04,21.2333
1.54E-04,19.8663
1.54E-04,18.5941
1.54E-04,17.4113
1.54E-04,16.3133
1.54E-04,15.2539
1.54E-04,14.2004
1.54E-04,13.2341
1.54E-04,12.3488
1.54E-04,11.5379
1.54E-04,10.7956
1.54E-04,10.1162
1.54E-04,9.4945
1.54E-04,8.92534
1.54E-04,8.40421
1.54E-04,7.92676
1.54E-04,7.39678
1.54E-04,6.87855
1.54E-04,6.41541
1.54E-04,6.00057
1.54E-04,5.62804
1.54E-04,5.29255
1.54E-04,4.98952
1.54E-04,4.71495
1.54E-04,4.46536
1.54E-04,4.31133
1.55E-04,4.02947
1.55E-04,3.79294
1.55E-04,3.57941
1.55E-04,3.38574
1.55E-04,3.20933
1.55E-04,2.99722
1.55E-04,2.80767
1.55E-04,2.63728
1.55E-04,2.48332
1.55E-04,2.34356
1.55E-04,2.196
1.55E-04,2.06288
1.55E-04,1.94226
1.55E-04,1.83253
1.55E-04,1.73235
1.55E-04,1.64059
1.55E-04,1.55629
1.55E-04,1.47864
1.55E-04,1.38745
1.55E-04,1.30482
1.55E-04,1.22969
1.55E-04,1.16114
1.55E-04,1.09843
1.55E-04,1.04088
1.55E-04,0.987947
1.55E-04,0.939134
1.56E-04,0.879738
1.56E-04,0.826067
1.56E-04,0.777398
1.56E-04,0.733124
1.56E-04,0.692723
1.56E-04,0.655752
1.56E-04,0.621827
1.56E-04,0.59062
1.56E-04,0.552748
1.56E-04,0.518627
1.56E-04,0.487776
1.56E-04,0.45979
1.56E-04,0.434327
1.56E-04,0.411094
1.57E-04,0.389839
1.57E-04,0.370347
1.57E-04,0.348174
1.57E-04,0.328147
1.57E-04,0.310001
1.57E-04,0.293509
1.57E-04,0.278481
1.57E-04,0.264753
1.57E-04,0.252182
1.58E-04,0.236567
1.58E-04,0.225059
1.58E-04,0.211255
1.58E-04,0.198976
1.58E-04,0.188008
1.58E-04,0.178184
1.58E-04,0.169363
1.59E-04,0.161426
1.59E-04,0.154271
1.59E-04,0.145798
1.59E-04,0.138386
1.59E-04,0.131891
1.60E-04,0.126198
1.60E-04,0.121208
1.60E-04,0.116842
1.60E-04,0.113033
1.60E-04,0.109726
1.61E-04,0.106757
1.61E-04,0.104241
1.61E-04,0.101243
1.62E-04,0.0991067
1.62E-04,0.097753
1.62E-04,0.0971172
1.62E-04,0.0970679
1.63E-04,0.0974115
1.63E-04,0.0984258
1.63E-04,0.100133
1.64E-04,0.10258
1.64E-04,0.105836
1.64E-04,0.108543
1.64E-04,0.111748
1.65E-04,0.115463
1.65E-04,0.119744
1.65E-04,0.124661
1.65E-04,0.130295
1.65E-04,0.136748
1.66E-04,0.14414
1.66E-04,0.151496
1.66E-04,0.158554
1.66E-04,0.166402
1.66E-04,0.175143
1.66E-04,0.1849
1.67E-04,0.195816
1.67E-04,0.20807
1.67E-04,0.221886
1.67E-04,0.234784
1.67E-04,0.246138
1.67E-04,0.258529
1.67E-04,0.27208
1.67E-04,0.286935
1.68E-04,0.303261
1.68E-04,0.321256
1.68E-04,0.34115
1.68E-04,0.360904
1.68E-04,0.380128
1.68E-04,0.401119
1.68E-04,0.424096
1.68E-04,0.449317
1.68E-04,0.477082
1.68E-04,0.507744
1.68E-04,0.541721
1.69E-04,0.574561
1.69E-04,0.605333
1.69E-04,0.638832
1.69E-04,0.675396
1.69E-04,0.715418
1.69E-04,0.759356
1.69E-04,0.807747
1.69E-04,0.861223
1.69E-04,0.912775
1.69E-04,0.960967
1.69E-04,1.01331
1.69E-04,1.07032
1.69E-04,1.13256
1.69E-04,1.20073
1.69E-04,1.27562
1.69E-04,1.3582
1.69E-04,1.43895
1.69E-04,1.51606
1.70E-04,1.59996
1.70E-04,1.69153
1.70E-04,1.79179
1.70E-04,1.90197
1.70E-04,2.02353
1.70E-04,2.15828
1.70E-04,2.29711
1.70E-04,2.4389
1.70E-04,2.59594
1.70E-04,2.77081
1.70E-04,2.96673
1.70E-04,3.12987
1.70E-04,3.30916
1.70E-04,3.50708
1.70E-04,3.72659
1.70E-04,3.95403
1.70E-04,4.16894
1.70E-04,4.4049
1.70E-04,4.66478
1.70E-04,4.95186
1.70E-04,5.26991
1.70E-04,5.62327
1.70E-04,6.01676
1.70E-04,6.45599
1.70E-04,6.94718
1.70E-04,7.49734
1.70E-04,8.00644
1.70E-04,8.50837
1.70E-04,9.05578
1.70E-04,9.65285
1.70E-04,10.304
1.70E-04,11.0141
1.70E-04,11.788
1.70E-04,12.631
1.70E-04,13.5486
1.70E-04,14.5464
1.70E-04,15.6302
1.70E-04,16.6709
1.70E-04,17.7884
1.70E-04,18.5783
1.70E-04,20.2715
1.70E-04,22.124
1.70E-04,24.1456
1.70E-04,26.3452
1.70E-04,28.7311
1.70E-04,31.3107
1.70E-04,34.4518
1.71E-04,37.8513
1.71E-04,41.513
1.71E-04,45.4364
1.71E-04,49.6174
1.71E-04,55.064
1.71E-04,61.3996
1.71E-04,68.0981
1.71E-04,76.5225
1.71E-04,103.703
1.71E-04,112.927
1.71E-04,121.386
1.71E-04,127.033
1.71E-04,131.938
1.71E-04,135.985
1.71E-04,139.077
1.71E-04,141.137
1.71E-04,142.113
1.71E-04,142.194
1.71E-04,141.691
1.71E-04,140.561
1.71E-04,138.802
1.71E-04,135.608
1.71E-04,131.469
1.71E-04,126.485
1.71E-04,120.774
1.71E-04,114.465
1.71E-04,105.359
1.71E-04,85.9863
1.71E-04,72.7747
1.71E-04,64.2009
1.71E-04,57.3999
1.71E-04,52.5071
1.71E-04,47.8873
1.71E-04,43.5546
1.71E-04,39.1531
1.72E-04,36.4166
1.72E-04,33.8375
1.72E-04,31.4138
1.72E-04,29.1426
1.72E-04,27.0199
1.72E-04,25.0411
1.72E-04,23.0744
1.72E-04,21.1439
1.72E-04,19.3768
1.72E-04,18.1529
1.72E-04,17.0113
1.72E-04,15.9477
1.72E-04,14.9579
1.72E-04,14.0378
1.72E-04,13.1832
1.72E-04,12.39
1.72E-04,11.5371
1.72E-04,10.7035
1.72E-04,9.94589
1.72E-04,9.25765
1.72E-04,8.63259
1.72E-04,8.06482
1.72E-04,7.549
1.72E-04,7.08007
1.72E-04,6.65347
1.72E-04,6.26503
1.72E-04,5.9109
1.72E-04,5.52632
1.72E-04,5.18083
1.72E-04,4.86962
1.72E-04,4.58854
1.72E-04,4.33394
1.72E-04,4.10263
1.72E-04,3.89182
1.72E-04,3.6991
1.72E-04,3.46667
1.72E-04,3.25847
1.72E-04,3.07098
1.72E-04,2.90132
1.72E-04,2.74706
1.72E-04,2.60622
1.72E-04,2.43643
1.72E-04,2.28429
1.72E-04,2.1472
1.72E-04,2.02306
1.72E-04,1.91014
1.72E-04,1.78266
1.72E-04,1.66825
1.73E-04,1.5651
1.73E-04,1.47169
1.73E-04,1.38679
1.73E-04,1.30935
1.73E-04,1.23848
1.73E-04,1.17345
1.73E-04,1.09939
1.73E-04,1.03238
1.73E-04,0.971538
1.73E-04,0.916108
1.73E-04,0.865457
1.73E-04,0.81904
1.73E-04,0.77639
1.73E-04,0.737105
1.73E-04,0.693911
1.73E-04,0.654538
1.73E-04,0.618539
1.73E-04,0.585533
1.73E-04,0.555192
1.74E-04,0.527231
1.74E-04,0.489221
1.74E-04,0.462528
1.74E-04,0.434707
1.74E-04,0.409416
1.74E-04,0.386355
1.74E-04,0.365268
1.74E-04,0.345935
1.74E-04,0.328165
1.74E-04,0.311793
1.74E-04,0.294867
1.75E-04,0.277706
1.75E-04,0.262077
1.75E-04,0.247802
1.75E-04,0.234727
1.75E-04,0.222722
1.75E-04,0.211672
1.75E-04,0.196677
1.75E-04,0.185025
1.75E-04,0.174454
1.76E-04,0.16483
1.76E-04,0.156039
1.76E-04,0.147984
1.76E-04,0.140586
1.76E-04,0.133777
1.76E-04,0.127496
1.77E-04,0.119572
1.77E-04,0.112438
1.77E-04,0.10599
1.77E-04,0.100142
1.77E-04,0.0948213
1.77E-04,0.0899654
1.78E-04,0.085521
1.78E-04,0.0814422
1.78E-04,0.0768077
1.78E-04,0.072615
1.79E-04,0.068809
1.79E-04,0.0653437
1.79E-04,0.062182
1.79E-04,0.0592906
1.80E-04,0.0560566
1.80E-04,0.0544334
1.80E-04,0.0533468
1.80E-04,0.053068
1.80E-04,33.2412
1.83E-04,32.9649
1.85E-04,32.6847
1.88E-04,32.4005
1.90E-04,32.1531
1.93E-04,31.8844
1.95E-04,31.6119
1.98E-04,31.3355
2.00E-04,31.1506
2.03E-04,30.8883
2.06E-04,30.6224
2.09E-04,30.3527
2.12E-04,30.0792
2.13E-04,29.9888
2.15E-04,29.7346
2.19E-04,29.4767
2.22E-04,29.2153
2.25E-04,28.9501
2.25E-04,28.9288
2.28E-04,28.682
2.31E-04,28.4316
2.35E-04,28.1778
2.38E-04,27.9568
2.41E-04,27.7169
2.44E-04,27.4735
2.48E-04,27.2267
2.50E-04,27.0616
2.54E-04,26.828
2.57E-04,26.5911
2.61E-04,26.3509
2.63E-04,26.2338
2.66E-04,26.0061
2.70E-04,25.7753
2.74E-04,25.5412
2.75E-04,25.4655
2.79E-04,25.2507
2.83E-04,25.033
2.87E-04,24.8122
2.91E-04,24.5882
2.95E-04,24.3611
2.99E-04,24.1308
3.00E-04,24.0818
3.04E-04,23.8775
3.09E-04,23.6703
3.13E-04,23.4602
3.17E-04,23.2472
3.22E-04,23.0311
3.25E-04,22.875
3.30E-04,22.679
3.34E-04,22.4802
3.39E-04,22.2786
3.44E-04,22.0742
3.49E-04,21.8668
3.50E-04,21.8062
3.55E-04,21.6177
3.60E-04,21.4264
3.65E-04,21.2325
3.70E-04,21.0358
3.75E-04,20.8515
3.80E-04,20.6698
3.86E-04,20.4854
3.91E-04,20.2985
3.97E-04,20.1089
4.00E-04,19.9925
4.06E-04,19.8176
4.11E-04,19.6402
4.17E-04,19.4603
4.23E-04,19.2779
4.25E-04,19.2176
4.31E-04,19.0483
4.37E-04,18.8767
4.43E-04,18.7026
4.49E-04,18.526
4.50E-04,18.5118
4.56E-04,18.3478
4.63E-04,18.1814
4.69E-04,18.0127
4.75E-04,17.8658
4.82E-04,17.7066
4.88E-04,17.5451
4.95E-04,17.3813
5.00E-04,17.2718
5.07E-04,17.1173
5.14E-04,16.9607
5.21E-04,16.8018
5.25E-04,16.7244
5.32E-04,16.5741
5.40E-04,16.4216
5.48E-04,16.2671
5.50E-04,16.2171
5.58E-04,16.0707
5.66E-04,15.9222
5.74E-04,15.7717
5.75E-04,15.7454
5.83E-04,15.6027
5.91E-04,15.4579
6.00E-04,15.3111
6.00E-04,15.3055
6.08E-04,15.171
6.17E-04,15.0346
6.26E-04,14.8963
6.35E-04,14.756
6.44E-04,14.6138
6.50E-04,14.5111
6.59E-04,14.3824
6.68E-04,14.2518
6.78E-04,14.1195
6.87E-04,13.9852
6.97E-04,13.8491
7.00E-04,13.8093
7.10E-04,13.6858
7.20E-04,13.5605
7.30E-04,13.4335
7.40E-04,13.3047
7.50E-04,13.1839
7.61E-04,13.0651
7.71E-04,12.9447
7.82E-04,12.8225
7.93E-04,12.6986
8.00E-04,12.6226
8.11E-04,12.5071
8.23E-04,12.3899
8.34E-04,12.2711
8.46E-04,12.1506
8.50E-04,12.1108
8.62E-04,11.9993
8.74E-04,11.8862
8.86E-04,11.7715
8.99E-04,11.6552
9.00E-04,11.6458
9.13E-04,11.5379
9.26E-04,11.4286
9.39E-04,11.3176
9.50E-04,11.2211
9.63E-04,11.1166
9.77E-04,11.0107
9.91E-04,10.9032
1.00E-03,10.8313
1.01E-03,10.7327
1.03E-03,10.6328
1.04E-03,10.5313
1.06E-03,10.4285
1.06E-03,10.3945
1.08E-03,10.2994
1.09E-03,10.2029
1.11E-03,10.105
1.12E-03,10.0058
1.13E-03,9.99782
1.14E-03,9.90586
1.16E-03,9.8126
1.17E-03,9.71802
1.19E-03,9.63568
1.20E-03,9.54665
1.22E-03,9.45637
1.24E-03,9.36481
1.25E-03,9.30356
1.27E-03,9.21725
1.29E-03,9.12973
1.30E-03,9.04097
1.31E-03,8.99769
1.33E-03,8.91391
1.35E-03,8.82896
1.37E-03,8.7428
1.38E-03,8.71493
1.39E-03,8.63352
1.41E-03,8.55096
1.43E-03,8.46724
1.44E-03,8.45264
1.46E-03,8.37344
1.48E-03,8.29312
1.50E-03,8.21167
1.50E-03,8.20856
1.52E-03,8.13416
1.54E-03,8.0587
1.56E-03,7.98217
1.59E-03,7.90457
1.61E-03,7.82587
1.63E-03,7.76905
1.65E-03,7.69813
1.67E-03,7.62621
1.69E-03,7.55328
1.72E-03,7.47931
1.74E-03,7.4043
1.75E-03,7.38237
1.77E-03,7.31458
1.80E-03,7.24583
1.83E-03,7.17612
1.85E-03,7.10542
1.88E-03,7.03916
1.90E-03,6.9742
1.93E-03,6.90832
1.96E-03,6.84151
1.98E-03,6.77376
2.00E-03,6.73219
2.03E-03,6.66996
2.06E-03,6.60684
2.09E-03,6.54284
2.12E-03,6.47794
2.13E-03,6.45649
2.15E-03,6.39659
2.19E-03,6.33585
2.22E-03,6.27426
2.25E-03,6.21179
2.25E-03,6.20676
2.28E-03,6.14901
2.31E-03,6.09045
2.35E-03,6.03106
2.38E-03,5.97936
2.41E-03,5.92359
2.44E-03,5.86703
2.48E-03,5.80968
2.50E-03,5.77131
2.54E-03,5.71737
2.57E-03,5.66267
2.61E-03,5.6072
2.63E-03,5.58015
2.66E-03,5.52791
2.70E-03,5.47493
2.74E-03,5.42121
2.75E-03,5.40383
2.79E-03,5.35318
2.83E-03,5.30181
2.87E-03,5.24972
2.88E-03,5.24063
2.92E-03,5.19146
2.96E-03,5.14159
3.00E-03,5.09102
3.00E-03,5.08909
3.04E-03,5.04303
3.09E-03,4.99632
3.13E-03,4.94895
3.17E-03,4.90091
3.22E-03,4.8522
3.25E-03,4.81702
3.30E-03,4.77329
3.34E-03,4.72894
3.39E-03,4.68397
3.44E-03,4.63836
3.49E-03,4.59211
3.50E-03,4.57859
3.55E-03,4.53694
3.60E-03,4.4947
3.65E-03,4.45187
3.70E-03,4.40844
3.75E-03,4.36773
3.80E-03,4.32796
3.86E-03,4.28762
3.91E-03,4.24672
3.97E-03,4.20525
4.00E-03,4.17979
4.06E-03,4.14177
4.11E-03,4.10322
4.17E-03,4.06412
4.23E-03,4.02446
4.25E-03,4.01136
4.31E-03,3.97489
4.37E-03,3.9379
4.43E-03,3.90039
4.49E-03,3.86235
4.50E-03,3.85928
4.56E-03,3.82422
4.63E-03,3.78867
4.69E-03,3.75262
4.75E-03,3.72123
4.82E-03,3.68747
4.88E-03,3.65324
4.95E-03,3.61853
5.00E-03,3.5953
5.07E-03,3.56287
5.14E-03,3.52999
5.21E-03,3.49664
5.25E-03,3.48037
5.32E-03,3.44905
5.40E-03,3.41729
5.48E-03,3.38507
5.50E-03,3.37465
5.58E-03,3.34436
5.66E-03,3.31363
5.74E-03,3.28248
5.75E-03,3.27705
5.83E-03,3.24771
5.91E-03,3.21796
6.00E-03,3.18779
6.00E-03,3.18664
6.08E-03,3.15915
6.17E-03,3.13128
6.26E-03,3.10301
6.35E-03,3.07435
6.44E-03,3.04528
6.50E-03,3.02429
6.59E-03,2.99831
6.68E-03,2.97197
6.78E-03,2.94526
6.87E-03,2.91816
6.97E-03,2.89069
7.00E-03,2.88266
7.10E-03,2.85805
7.20E-03,2.83311
7.30E-03,2.80781
7.40E-03,2.78215
7.50E-03,2.7581
7.61E-03,2.7347
7.71E-03,2.71097
7.82E-03,2.6869
7.93E-03,2.66249
8.00E-03,2.64752
8.11E-03,2.62521
8.23E-03,2.60259
8.34E-03,2.57966
8.46E-03,2.55639
8.50E-03,2.54871
8.62E-03,2.52738
8.74E-03,2.50575
8.86E-03,2.48382
8.99E-03,2.46157
9.00E-03,2.45978
9.13E-03,2.43934
9.26E-03,2.41862
9.39E-03,2.3976
9.50E-03,2.3793
9.63E-03,2.35967
9.77E-03,2.33977
9.91E-03,2.31958
1.00E-02,2.30608
1.01E-02,2.27721
1.03E-02,2.24794
1.03E-02,2.24214
1.05E-02,2.21529
1.06E-02,2.18805
1.06E-02,2.18446
1.08E-02,2.16021
1.09E-02,2.13562
1.11E-02,2.11068
1.12E-02,2.08539
1.13E-02,2.08336
1.14E-02,2.06137
1.16E-02,2.03907
1.17E-02,2.01646
1.19E-02,1.99677
1.20E-02,1.97653
1.22E-02,1.956
1.24E-02,1.93518
1.25E-02,1.92125
1.27E-02,1.90242
1.29E-02,1.88333
1.30E-02,1.86396
1.31E-02,1.85452
1.33E-02,1.83687
1.35E-02,1.81897
1.37E-02,1.80082
1.38E-02,1.79495
1.39E-02,1.77831
1.41E-02,1.76143
1.43E-02,1.74431
1.44E-02,1.74133
1.46E-02,1.72556
1.48E-02,1.70957
1.50E-02,1.69335
1.50E-02,1.69273
1.52E-02,1.67945
1.54E-02,1.66598
1.56E-02,1.65233
1.59E-02,1.63847
1.61E-02,1.62443
1.63E-02,1.61429
1.65E-02,1.60172
1.67E-02,1.58898
1.69E-02,1.57606
1.72E-02,1.56295
1.74E-02,1.54966
1.75E-02,1.54578
1.77E-02,1.53382
1.80E-02,1.52169
1.83E-02,1.5094
1.85E-02,1.49693
1.88E-02,1.48524
1.90E-02,1.4738
1.93E-02,1.46219
1.96E-02,1.45042
1.98E-02,1.43849
2.00E-02,1.43117
2.03E-02,1.42016
2.06E-02,1.40899
2.09E-02,1.39767
2.12E-02,1.38619
2.13E-02,1.3824
2.15E-02,1.37176
2.19E-02,1.36096
2.22E-02,1.35002
2.25E-02,1.33892
2.25E-02,1.33802
2.28E-02,1.32768
2.31E-02,1.3172
2.35E-02,1.30657
2.38E-02,1.29731
2.41E-02,1.28722
2.44E-02,1.27699
2.48E-02,1.26662
2.50E-02,1.25968
2.54E-02,1.25081
2.57E-02,1.24181
2.61E-02,1.23268
2.64E-02,1.22343
2.68E-02,1.21404
2.72E-02,1.20453
2.75E-02,1.19679
2.79E-02,1.18829
2.83E-02,1.17967
2.87E-02,1.17093
2.91E-02,1.16207
2.95E-02,1.15308
2.99E-02,1.14397
3.00E-02,1.14203
3.04E-02,1.13405
3.09E-02,1.12596
3.13E-02,1.11776
3.17E-02,1.10944
3.22E-02,1.101
3.25E-02,1.09491
3.30E-02,1.08718
3.34E-02,1.07935
3.39E-02,1.0714
3.44E-02,1.06335
3.49E-02,1.05518
3.50E-02,1.05279
3.55E-02,1.04527
3.60E-02,1.03765
3.65E-02,1.02992
3.70E-02,1.02208
3.75E-02,1.01474
3.80E-02,1.0074
3.86E-02,0.99995
3.91E-02,0.9924
3.97E-02,0.984743
4.00E-02,0.980045
4.06E-02,0.973091
4.11E-02,0.966038
4.17E-02,0.958887
4.23E-02,0.951634
4.25E-02,0.949237
4.31E-02,0.942421
4.37E-02,0.935508
4.43E-02,0.928498
4.49E-02,0.921389
4.50E-02,0.920817
4.56E-02,0.914123
4.63E-02,0.907335
4.69E-02,0.900451
4.75E-02,0.894458
4.82E-02,0.887875
4.88E-02,0.881199
4.95E-02,0.874429
5.00E-02,0.8699
5.07E-02,0.863804
5.14E-02,0.857622
5.21E-02,0.851353
5.29E-02,0.844995
5.36E-02,0.838548
5.44E-02,0.832009
5.50E-02,0.826691
5.58E-02,0.820758
5.66E-02,0.814742
5.74E-02,0.80864
5.82E-02,0.802453
5.90E-02,0.796178
5.98E-02,0.789815
6.00E-02,0.788462
6.08E-02,0.781623
6.17E-02,0.774687
6.26E-02,0.767654
6.35E-02,0.760521
6.44E-02,0.753288
6.50E-02,0.748065
6.59E-02,0.739279
6.63E-02,0.736089
6.72E-02,0.72593
6.75E-02,0.722503
6.85E-02,0.710695
6.88E-02,0.707004
6.97E-02,0.693479
7.00E-02,0.689574
7.10E-02,0.683582
7.20E-02,0.677506
7.30E-02,0.671344
7.40E-02,0.665095
7.50E-02,0.659239
7.61E-02,0.653275
7.71E-02,0.647227
7.82E-02,0.641094
7.93E-02,0.634874
8.00E-02,0.631058
8.11E-02,0.625779
8.23E-02,0.620425
8.34E-02,0.614996
8.46E-02,0.609491
8.50E-02,0.607671
8.62E-02,0.602473
8.74E-02,0.597202
8.86E-02,0.591856
8.99E-02,0.586434
9.00E-02,0.585997
9.13E-02,0.58088
9.26E-02,0.575691
9.39E-02,0.570428
9.50E-02,0.565847
1.00E-01,0.547061
1.00E-01,0.543508
1.10E-01,0.512234
1.20E-01,0.485792
1.28E-01,0.466695
1.39E-01,0.444874
1.51E-01,0.4238
1.64E-01,0.404538
1.75E-01,0.390452
1.78E-01,0.381878
1.78E-01,0.379008
1.90E-01,0.351412
1.92E-01,0.346495
1.97E-01,0.326696
2.00E-01,0.311613
2.10E-01,0.289604
2.16E-01,0.277872
2.23E-01,0.263897
2.33E-01,0.24796
2.36E-01,0.242867
2.50E-01,0.225991
2.59E-01,0.217524
2.70E-01,0.203535
2.73E-01,0.19608
2.85E-01,0.183551
2.93E-01,0.17556
3.00E-01,0.169665
3.13E-01,0.161374
3.31E-01,0.151447
3.47E-01,0.143238
3.66E-01,0.135694
4.01E-01,0.122663
4.20E-01,0.116332
4.37E-01,0.11117
4.54E-01,0.107232
4.55E-01,0.106551
4.58E-01,0.10549
4.83E-01,0.0979716
4.91E-01,0.096012
5.07E-01,0.0924394
5.23E-01,0.0891959
5.56E-01,0.0840487
5.84E-01,0.080024
6.52E-01,0.0723911
6.90E-01,0.0685752
7.34E-01,0.0650908
7.85E-01,0.0614788
8.17E-01,0.0594563
8.60E-01,0.0569567
9.06E-01,0.0545636
9.62E-01,0.0520398
1.04E+00,0.0490292
1.11E+00,0.0463274
1.18E+00,0.0440272
1.32E+00,0.0401822
1.41E+00,0.0378432
1.57E+00,0.0342883
1.66E+00,0.0323882
1.83E+00,0.029246
1.92E+00,0.0278809
2.00E+00,0.026578
2.09E+00,0.0248757
2.16E+00,0.0236327
2.26E+00,0.0221926
2.34E+00,0.0210087
2.45E+00,0.019573
2.52E+00,0.018824
2.62E+00,0.0177517
2.76E+00,0.0163687
2.85E+00,0.0155979
2.96E+00,0.0147155
3.00E+00,0.0144446
3.08E+00,0.0135591
3.16E+00,0.0127944
3.25E+00,0.0119177
3.34E+00,0.0112
3.45E+00,0.0103583
3.54E+00,0.00970266
3.65E+00,0.00902125
3.77E+00,0.00836863
3.85E+00,0.00795095
3.97E+00,0.00736404
4.00E+00,0.00725092
4.08E+00,0.0067831
4.16E+00,0.00638043
4.26E+00,0.00592038
4.34E+00,0.00554512
4.45E+00,0.00510671
4.55E+00,0.00476654
4.66E+00,0.00441432
4.77E+00,0.00407833
4.85E+00,0.00386403
4.99E+00,0.00353882
5.11E+00,0.00324808
5.20E+00,0.0030514
5.30E+00,0.00285386
5.39E+00,0.00268703
5.48E+00,0.00252997
5.60E+00,0.00236262
5.70E+00,0.00224441
5.85E+00,0.0020781
6.00E+00,0.00192412
6.16E+00,0.00181164
6.30E+00,0.00172128
6.48E+00,0.00161
6.78E+00,0.00151934
7.00E+00,0.00145888
7.24E+00,0.00135277
7.48E+00,0.00128301
8.00E+00,0.00122367
8.48E+00,0.00113205
9.31E+00,0.00106717
1.00E+01,0.00101943
1.10E+01,0.000983277
1.20E+01,0.000971319
1.30E+01,0.000978502
1.40E+01,0.00100117
1.51E+01,0.00104087
1.61E+01,0.0010874
1.71E+01,0.00114295
1.81E+01,0.00120657
1.91E+01,0.00127759
2.00E+01,0.00134392
