1.00E-11,22376.8
1.10E-11,21306
1.22E-11,20286.5
1.34E-11,19315.8
1.48E-11,18391.5
1.63E-11,17511.4
1.80E-11,16673.5
1.99E-11,15875.6
2.19E-11,15116
2.42E-11,14392.6
2.67E-11,13703.9
2.94E-11,13048.2
3.24E-11,12423.8
3.58E-11,11829.3
3.95E-11,11263.2
4.35E-11,10724.2
4.80E-11,10211.1
5.30E-11,9722.44
5.84E-11,9257.19
6.44E-11,8814.2
7.11E-11,8392.41
7.84E-11,7990.81
8.65E-11,7608.42
9.54E-11,7244.32
1.05E-10,6897.65
1.16E-10,6567.56
1.28E-10,6253.27
1.41E-10,5954.01
1.56E-10,5669.08
1.72E-10,5397.77
1.90E-10,5139.45
2.09E-10,4893.48
2.31E-10,4659.29
2.54E-10,4436.29
2.81E-10,4223.97
3.09E-10,4021.8
3.41E-10,3829.31
3.77E-10,3646.02
4.15E-10,3471.51
4.58E-10,3305.34
5.05E-10,3147.11
5.57E-10,2996.46
6.15E-10,2853.01
6.78E-10,2716.43
7.48E-10,2586.37
8.25E-10,2462.54
9.10E-10,2344.63
1.00E-09,2232.35
1.11E-09,2125.45
1.22E-09,2023.65
1.35E-09,1926.72
1.49E-09,1834.43
1.64E-09,1746.55
1.81E-09,1662.86
1.99E-09,1583.18
2.20E-09,1507.3
2.43E-09,1435.05
2.68E-09,1366.25
2.95E-09,1300.73
3.26E-09,1238.34
3.59E-09,1178.94
3.96E-09,1122.36
4.37E-09,1068.49
4.82E-09,1017.2
5.32E-09,968.36
5.87E-09,921.862
6.47E-09,877.592
7.14E-09,835.44
7.87E-09,795.291
8.68E-09,757.035
9.58E-09,720.572
1.06E-08,685.818
1.17E-08,652.707
1.29E-08,621.173
1.42E-08,591.156
1.56E-08,562.578
1.73E-08,535.349
1.90E-08,509.381
2.10E-08,484.617
2.32E-08,461.019
2.52E-08,441.176
2.53E-08,440.659
2.79E-08,419.175
3.08E-08,398.699
3.40E-08,379.15
3.75E-08,360.499
4.13E-08,342.718
4.56E-08,325.773
5.03E-08,309.646
5.54E-08,294.293
6.12E-08,279.603
6.75E-08,265.56
7.44E-08,252.162
8.21E-08,239.378
9.05E-08,227.178
9.99E-08,215.532
1.10E-07,204.417
1.21E-07,193.804
1.34E-07,183.664
1.48E-07,174.019
1.63E-07,164.743
1.80E-07,155.863
1.98E-07,147.372
2.17E-07,139.817
2.38E-07,132.569
2.61E-07,125.609
2.86E-07,118.963
3.15E-07,112.075
3.45E-07,105.919
3.78E-07,100.011
4.14E-07,94.3316
4.53E-07,88.8788
4.97E-07,83.6402
5.40E-07,78.9899
5.88E-07,74.5119
6.35E-07,70.5836
6.90E-07,66.4192
7.51E-07,62.4119
8.11E-07,58.8737
8.76E-07,55.4661
9.46E-07,52.1804
1.02E-06,49.0262
1.11E-06,45.7265
1.19E-06,43.0828
1.28E-06,40.5392
1.37E-06,38.0928
1.47E-06,35.7446
1.58E-06,33.4994
1.69E-06,31.3499
1.81E-06,29.3019
1.93E-06,27.5416
2.06E-06,25.865
2.19E-06,24.2697
2.34E-06,22.7595
2.47E-06,21.4892
2.61E-06,20.2905
2.76E-06,19.1678
2.92E-06,18.1281
3.07E-06,17.2952
3.22E-06,16.5488
3.36E-06,15.9937
3.48E-06,15.609
3.61E-06,15.3183
3.71E-06,15.182
3.77E-06,15.1564
3.85E-06,15.205
3.91E-06,15.3017
3.96E-06,15.4662
4.02E-06,15.7191
4.06E-06,15.9837
4.10E-06,16.3308
4.15E-06,16.7869
4.17E-06,17.1659
4.20E-06,17.62
4.23E-06,18.1674
4.26E-06,18.8315
4.29E-06,19.4229
4.31E-06,20.1157
4.33E-06,20.9247
4.35E-06,21.8847
4.38E-06,23.0279
4.39E-06,23.9108
4.41E-06,24.9167
4.42E-06,26.0689
4.44E-06,27.3869
4.45E-06,28.9036
4.47E-06,30.2026
4.48E-06,31.6745
4.49E-06,33.3356
4.50E-06,35.2199
4.51E-06,37.3693
4.52E-06,38.9751
4.53E-06,40.7537
4.54E-06,42.7314
4.55E-06,44.924
4.55E-06,47.3642
4.56E-06,50.0916
4.57E-06,53.1542
4.58E-06,56.6108
4.58E-06,59.5048
4.59E-06,62.6976
4.60E-06,67.1426
4.60E-06,70.4481
4.61E-06,74.0681
4.61E-06,78.0435
4.62E-06,82.4216
4.62E-06,87.257
4.63E-06,92.6123
4.63E-06,98.5278
4.64E-06,105.075
4.64E-06,112.372
4.65E-06,120.52
4.65E-06,128.528
4.65E-06,136.171
4.66E-06,144.51
4.66E-06,153.608
4.67E-06,163.532
4.67E-06,174.351
4.67E-06,186.135
4.68E-06,198.954
4.68E-06,212.876
4.68E-06,227.964
4.69E-06,244.277
4.69E-06,261.865
4.70E-06,280.767
4.70E-06,301.007
4.70E-06,322.594
4.71E-06,357.462
4.71E-06,395.181
4.72E-06,435.47
4.73E-06,492.409
4.75E-06,640.393
4.75E-06,695.902
4.76E-06,733.706
4.77E-06,766.972
4.77E-06,795.464
4.78E-06,811.506
4.78E-06,823.269
4.78E-06,831.064
4.79E-06,835.738
4.79E-06,836.36
4.79E-06,832.91
4.80E-06,822.999
4.80E-06,811.801
4.81E-06,794.239
4.81E-06,772.545
4.82E-06,743.781
4.82E-06,711.121
4.83E-06,660.112
4.84E-06,587.547
4.85E-06,484.156
4.86E-06,427.889
4.87E-06,388.179
4.87E-06,351.059
4.88E-06,316.779
4.88E-06,295.569
4.88E-06,275.685
4.89E-06,257.116
4.89E-06,239.835
4.90E-06,223.803
4.90E-06,208.969
4.90E-06,195.275
4.91E-06,182.659
4.91E-06,171.054
4.91E-06,160.393
4.92E-06,150.607
4.92E-06,141.63
4.93E-06,133.397
4.93E-06,125.847
4.93E-06,117.931
4.94E-06,109.873
4.94E-06,102.653
4.95E-06,96.1731
4.95E-06,90.6652
4.96E-06,85.9631
4.96E-06,81.6654
4.97E-06,77.7294
4.97E-06,72.4218
4.98E-06,67.7333
4.99E-06,63.5724
4.99E-06,59.9393
5.00E-06,56.6786
5.01E-06,53.7408
5.01E-06,51.084
5.02E-06,48.673
5.02E-06,46.478
5.03E-06,43.8441
5.04E-06,41.4992
5.05E-06,39.4022
5.06E-06,37.4744
5.07E-06,35.7009
5.08E-06,34.1047
5.09E-06,32.6629
5.10E-06,30.7488
5.11E-06,29.0871
5.13E-06,27.636
5.14E-06,26.3454
5.15E-06,25.2092
5.17E-06,24.205
5.18E-06,23.3143
5.20E-06,22.2775
5.22E-06,21.3753
5.23E-06,20.5998
5.25E-06,19.9318
5.27E-06,19.3562
5.30E-06,18.6306
5.33E-06,18.0571
5.35E-06,17.6095
5.38E-06,17.2702
5.41E-06,17.0307
5.45E-06,16.8566
5.47E-06,16.8151
5.50E-06,16.8514
5.53E-06,16.9736
5.56E-06,17.1856
5.59E-06,17.4958
5.62E-06,17.9116
5.65E-06,18.4519
5.68E-06,19.1358
5.70E-06,19.6826
5.72E-06,20.3177
5.74E-06,21.0549
5.76E-06,21.9052
5.78E-06,22.8869
5.80E-06,24.0319
5.81E-06,25.0183
5.83E-06,26.1262
5.85E-06,27.3741
5.86E-06,28.7844
5.88E-06,30.3925
5.89E-06,32.2449
5.90E-06,33.6289
5.91E-06,35.1503
5.92E-06,36.8274
5.93E-06,38.682
5.94E-06,40.7399
5.95E-06,43.0317
5.96E-06,45.2128
5.97E-06,47.621
5.98E-06,50.2894
5.99E-06,53.2571
6.00E-06,56.5718
6.01E-06,60.2911
6.01E-06,63.3878
6.02E-06,66.7872
6.03E-06,71.1858
6.03E-06,75.3805
6.04E-06,80.0365
6.05E-06,85.2257
6.05E-06,91.034
6.06E-06,95.8578
6.06E-06,101.138
6.07E-06,106.934
6.07E-06,113.31
6.08E-06,120.556
6.09E-06,129.061
6.09E-06,138.572
6.10E-06,149.23
6.10E-06,157.051
6.10E-06,165.505
6.11E-06,174.646
6.11E-06,185.078
6.11E-06,196.409
6.12E-06,208.717
6.12E-06,222.081
6.13E-06,236.581
6.13E-06,252.3
6.13E-06,269.32
6.14E-06,287.721
6.14E-06,307.579
6.14E-06,328.967
6.15E-06,351.945
6.15E-06,376.569
6.16E-06,402.876
6.16E-06,430.89
6.17E-06,476.118
6.17E-06,525.114
6.18E-06,577.669
6.18E-06,633.427
6.19E-06,711.829
6.21E-06,940.306
6.22E-06,1017.28
6.22E-06,1070.46
6.23E-06,1116.78
6.24E-06,1156.36
6.24E-06,1189.09
6.25E-06,1215.25
6.25E-06,1232.18
6.26E-06,1239.34
6.26E-06,1239.65
6.27E-06,1234.4
6.27E-06,1220.55
6.27E-06,1205.69
6.28E-06,1180.48
6.28E-06,1149.09
6.29E-06,1106.06
6.30E-06,1056.82
6.30E-06,983.674
6.31E-06,864.087
6.33E-06,701.205
6.34E-06,623.625
6.34E-06,568.564
6.35E-06,516.731
6.35E-06,468.449
6.36E-06,423.904
6.36E-06,396.317
6.37E-06,370.41
6.37E-06,346.159
6.38E-06,323.521
6.38E-06,302.443
6.38E-06,282.863
6.39E-06,264.71
6.39E-06,247.91
6.39E-06,232.383
6.40E-06,218.051
6.40E-06,204.832
6.41E-06,192.649
6.41E-06,180.085
6.41E-06,168.63
6.42E-06,158.183
6.42E-06,148.652
6.43E-06,139.95
6.43E-06,132.167
6.44E-06,125.109
6.44E-06,118.624
6.45E-06,110.774
6.45E-06,103.729
6.46E-06,97.3886
6.46E-06,91.6645
6.47E-06,86.481
6.47E-06,81.7725
6.48E-06,77.3414
6.48E-06,73.3044
6.49E-06,70.8089
6.50E-06,66.2343
6.50E-06,62.1469
6.51E-06,58.4781
6.52E-06,55.1709
6.53E-06,52.1779
6.53E-06,49.4594
6.54E-06,46.3967
6.55E-06,43.6564
6.56E-06,41.1938
6.57E-06,38.9716
6.58E-06,36.959
6.59E-06,35.1298
6.60E-06,33.462
6.61E-06,31.9367
6.62E-06,30.2346
6.63E-06,28.6981
6.64E-06,27.3059
6.66E-06,26.0401
6.67E-06,24.8854
6.68E-06,23.3344
6.70E-06,21.9689
6.72E-06,20.744
6.74E-06,19.656
6.76E-06,18.6848
6.77E-06,17.8141
6.79E-06,17.03
6.81E-06,16.3151
6.83E-06,15.4609
6.86E-06,14.7077
6.88E-06,14.0401
6.91E-06,13.4415
6.93E-06,12.9027
6.97E-06,12.1962
7.00E-06,11.5875
7.04E-06,11.0563
7.08E-06,10.5935
7.11E-06,10.1845
7.16E-06,9.71214
7.21E-06,9.30796
7.26E-06,8.95963
7.32E-06,8.65758
7.37E-06,8.39439
7.45E-06,8.06036
7.52E-06,7.78671
7.60E-06,7.56009
7.68E-06,7.37284
7.76E-06,7.22076
7.87E-06,7.06558
7.99E-06,6.95915
8.10E-06,6.89833
8.20E-06,6.88167
8.31E-06,6.90767
8.43E-06,6.98642
8.52E-06,7.08466
8.61E-06,7.22251
8.70E-06,7.40727
8.79E-06,7.64894
8.85E-06,7.84937
8.91E-06,8.08425
8.98E-06,8.36429
9.04E-06,8.69585
9.10E-06,9.09467
9.15E-06,9.4428
9.20E-06,9.84475
9.25E-06,10.3089
9.30E-06,10.8449
9.35E-06,11.4768
9.38E-06,11.9565
9.41E-06,12.4908
9.44E-06,13.0923
9.48E-06,13.7729
9.51E-06,14.5418
9.54E-06,15.4152
9.57E-06,16.154
9.60E-06,16.9811
9.62E-06,17.9021
9.65E-06,18.9318
9.67E-06,20.0877
9.70E-06,21.3915
9.72E-06,22.8917
9.74E-06,24.008
9.76E-06,25.2312
9.77E-06,26.5756
9.79E-06,28.058
9.81E-06,29.6984
9.82E-06,31.5204
9.84E-06,33.3321
9.85E-06,35.0957
9.87E-06,37.0304
9.88E-06,39.1594
9.89E-06,41.5103
9.91E-06,44.116
9.92E-06,47.0161
9.93E-06,50.2581
9.95E-06,53.3467
9.96E-06,56.1678
9.97E-06,59.251
9.98E-06,62.6314
9.99E-06,66.3502
9.99E-06,70.4567
1.00E-05,75.0096
1.00E-05,80.0803
1.00E-05,85.1579
1.00E-05,90.1438
1.00E-05,95.6415
1.00E-05,101.728
1.01E-05,108.495
1.01E-05,116.054
1.01E-05,122.321
1.01E-05,129.174
1.01E-05,136.687
1.01E-05,143.872
1.01E-05,153.66
1.01E-05,164.569
1.01E-05,173.586
1.01E-05,183.403
1.01E-05,194.108
1.01E-05,205.795
1.01E-05,218.566
1.01E-05,232.534
1.01E-05,247.82
1.01E-05,266.902
1.01E-05,289.359
1.01E-05,305.741
1.01E-05,323.342
1.02E-05,342.244
1.02E-05,362.53
1.02E-05,384.28
1.02E-05,409.129
1.02E-05,437.5
1.02E-05,468.066
1.02E-05,500.933
1.02E-05,534.544
1.02E-05,586.497
1.02E-05,643.238
1.02E-05,704.873
1.02E-05,771.428
1.02E-05,842.83
1.02E-05,918.897
1.02E-05,1027.02
1.02E-05,1141.76
1.02E-05,1292.05
1.03E-05,1599.05
1.03E-05,1716.61
1.03E-05,1826.53
1.03E-05,1925.6
1.03E-05,2008.83
1.03E-05,2074.77
1.03E-05,2113.77
1.03E-05,2142.96
1.03E-05,2160.24
1.03E-05,2165.32
1.03E-05,2157.05
1.03E-05,2136.77
1.03E-05,2099.6
1.03E-05,2048.28
1.04E-05,1992.26
1.04E-05,1903.79
1.04E-05,1802.22
1.04E-05,1690.62
1.04E-05,1511.4
1.04E-05,1205.9
1.04E-05,1060.26
1.04E-05,950.525
1.04E-05,873.006
1.04E-05,799.992
1.04E-05,731.711
1.04E-05,668.277
1.05E-05,609.7
1.05E-05,555.907
1.05E-05,506.753
1.05E-05,476.465
1.05E-05,437.242
1.05E-05,410.146
1.05E-05,384.934
1.05E-05,361.505
1.05E-05,339.759
1.05E-05,319.594
1.05E-05,300.911
1.05E-05,283.61
1.05E-05,267.596
1.05E-05,252.776
1.05E-05,239.063
1.05E-05,226.372
1.05E-05,209.988
1.05E-05,196.936
1.05E-05,185.063
1.05E-05,174.249
1.05E-05,164.385
1.05E-05,155.373
1.06E-05,147.124
1.06E-05,139.56
1.06E-05,130.418
1.06E-05,122.222
1.06E-05,116.108
1.06E-05,109.557
1.06E-05,103.603
1.06E-05,98.1725
1.06E-05,91.6424
1.06E-05,85.813
1.06E-05,80.5835
1.06E-05,75.8711
1.06E-05,71.6069
1.06E-05,67.5289
1.07E-05,63.6453
1.07E-05,60.1272
1.07E-05,56.9288
1.07E-05,54.0116
1.07E-05,51.3426
1.07E-05,48.8939
1.07E-05,45.5824
1.07E-05,42.7378
1.07E-05,40.1931
1.08E-05,37.9074
1.08E-05,35.8465
1.08E-05,33.9819
1.08E-05,32.2895
1.08E-05,30.7491
1.08E-05,29.3431
1.09E-05,27.6146
1.09E-05,26.0772
1.09E-05,24.7045
1.09E-05,23.4747
1.09E-05,22.3694
1.09E-05,21.3733
1.10E-05,20.4734
1.10E-05,19.2751
1.10E-05,18.2306
1.11E-05,17.3264
1.11E-05,16.5421
1.11E-05,15.8611
1.11E-05,15.27
1.12E-05,14.7508
1.12E-05,14.3026
1.12E-05,13.8018
1.13E-05,13.3981
1.13E-05,13.0785
1.14E-05,12.8361
1.14E-05,12.6666
1.14E-05,12.5653
1.15E-05,12.5288
1.15E-05,12.5576
1.16E-05,12.6518
1.16E-05,12.8125
1.16E-05,13.0421
1.17E-05,13.3498
1.17E-05,13.7391
1.18E-05,14.2184
1.18E-05,14.7988
1.18E-05,15.3164
1.19E-05,15.9087
1.19E-05,16.5854
1.19E-05,17.3586
1.20E-05,18.2425
1.20E-05,19.2646
1.20E-05,20.4447
1.20E-05,21.3301
1.21E-05,22.3055
1.21E-05,23.3824
1.21E-05,24.5742
1.21E-05,25.8967
1.21E-05,27.2459
1.22E-05,28.6044
1.22E-05,30.0985
1.22E-05,31.7466
1.22E-05,33.5701
1.22E-05,35.5944
1.23E-05,37.85
1.23E-05,40.3732
1.23E-05,42.7903
1.23E-05,45.0149
1.23E-05,47.448
1.23E-05,50.1166
1.23E-05,53.0531
1.24E-05,56.2953
1.24E-05,59.8888
1.24E-05,63.8881
1.24E-05,67.6377
1.24E-05,70.9901
1.24E-05,74.6316
1.24E-05,78.5983
1.24E-05,82.9324
1.24E-05,87.6837
1.24E-05,92.9111
1.25E-05,98.6852
1.25E-05,104.716
1.25E-05,110.983
1.25E-05,117.909
1.25E-05,125.595
1.25E-05,134.161
1.25E-05,143.753
1.25E-05,151.721
1.25E-05,160.445
1.25E-05,170.022
1.25E-05,179.187
1.25E-05,191.677
1.25E-05,205.597
1.25E-05,217.093
1.25E-05,229.597
1.25E-05,243.21
1.26E-05,258.042
1.26E-05,274.21
1.26E-05,291.841
1.26E-05,311.069
1.26E-05,335.882
1.26E-05,355.261
1.26E-05,376.087
1.26E-05,398.456
1.26E-05,422.463
1.26E-05,448.205
1.26E-05,475.781
1.26E-05,505.284
1.26E-05,545.621
1.26E-05,589.386
1.26E-05,636.744
1.26E-05,687.836
1.26E-05,751.577
1.26E-05,820.557
1.26E-05,894.824
1.26E-05,974.333
1.27E-05,1058.94
1.27E-05,1179.23
1.27E-05,1307.18
1.27E-05,1475.79
1.27E-05,1966.16
1.27E-05,2163.54
1.27E-05,2283.18
1.27E-05,2389.61
1.27E-05,2479.93
1.27E-05,2551.57
1.28E-05,2595.12
1.28E-05,2622.35
1.28E-05,2636.19
1.28E-05,2637.34
1.28E-05,2630.49
1.28E-05,2610.63
1.28E-05,2575.51
1.28E-05,2543.35
1.28E-05,2469.25
1.28E-05,2376.88
1.28E-05,2268.84
1.28E-05,2148.09
1.28E-05,1949.93
1.29E-05,1427.09
1.29E-05,1261.59
1.29E-05,1136.67
1.29E-05,1019.7
1.29E-05,937.683
1.29E-05,860.793
1.29E-05,789.117
1.29E-05,722.661
1.29E-05,681.219
1.29E-05,630.696
1.29E-05,583.852
1.29E-05,540.545
1.29E-05,500.615
1.29E-05,471.395
1.29E-05,444.073
1.30E-05,418.555
1.30E-05,394.747
1.30E-05,372.552
1.30E-05,351.878
1.30E-05,332.63
1.30E-05,307.97
1.30E-05,288.848
1.30E-05,271.304
1.30E-05,255.207
1.30E-05,240.432
1.30E-05,226.866
1.30E-05,214.399
1.30E-05,202.933
1.30E-05,189.044
1.30E-05,176.579
1.30E-05,167.43
1.30E-05,157.868
1.30E-05,149.157
1.30E-05,141.202
1.30E-05,136.277
1.31E-05,127.235
1.31E-05,119.142
1.31E-05,111.868
1.31E-05,105.302
1.31E-05,99.3506
1.31E-05,94.2605
1.31E-05,89.5877
1.31E-05,83.9266
1.31E-05,78.8316
1.31E-05,74.226
1.31E-05,70.0459
1.31E-05,66.2383
1.32E-05,62.7582
1.32E-05,58.9614
1.32E-05,54.9859
1.32E-05,51.4311
1.32E-05,48.238
1.32E-05,45.3578
1.32E-05,42.7499
1.33E-05,40.3802
1.33E-05,38.2201
1.33E-05,35.9435
1.33E-05,33.6144
1.33E-05,31.5273
1.33E-05,29.6494
1.34E-05,27.9532
1.34E-05,26.4158
1.34E-05,25.0178
1.34E-05,23.7425
1.34E-05,22.4093
1.35E-05,21.0526
1.35E-05,19.8345
1.35E-05,18.737
1.35E-05,17.7444
1.35E-05,16.8439
1.36E-05,16.0245
1.36E-05,15.2767
1.36E-05,14.5879
1.37E-05,13.6543
1.37E-05,12.8316
1.37E-05,12.1029
1.38E-05,11.4542
1.38E-05,10.8744
1.38E-05,10.3472
1.39E-05,9.87333
1.39E-05,9.31328
1.40E-05,8.82344
1.40E-05,8.39037
1.41E-05,8.00644
1.41E-05,7.66754
1.42E-05,7.36766
1.42E-05,7.10008
1.43E-05,6.86142
1.43E-05,6.55381
1.44E-05,6.29617
1.45E-05,6.07982
1.46E-05,5.90186
1.46E-05,5.75674
1.47E-05,5.64219
1.48E-05,5.55612
1.49E-05,5.49574
1.50E-05,5.46094
1.50E-05,5.45133
1.51E-05,5.46343
1.52E-05,5.50147
1.53E-05,5.56669
1.53E-05,5.66199
1.54E-05,5.78959
1.55E-05,5.95478
1.56E-05,6.16202
1.57E-05,6.41741
1.57E-05,6.62255
1.58E-05,6.85801
1.58E-05,7.12777
1.59E-05,7.43685
1.59E-05,7.79695
1.60E-05,8.2122
1.60E-05,8.56587
1.61E-05,8.96147
1.61E-05,9.40742
1.62E-05,9.91448
1.62E-05,10.488
1.63E-05,11.1396
1.63E-05,11.8838
1.63E-05,12.4402
1.64E-05,13.02
1.64E-05,13.621
1.64E-05,14.2791
1.64E-05,15.0016
1.65E-05,15.7972
1.65E-05,16.6758
1.65E-05,17.6496
1.65E-05,18.7326
1.66E-05,19.8019
1.66E-05,20.8323
1.66E-05,21.9618
1.66E-05,23.2036
1.66E-05,24.5734
1.67E-05,26.0896
1.67E-05,27.7745
1.67E-05,29.6544
1.67E-05,31.4492
1.67E-05,33.0955
1.67E-05,34.8925
1.68E-05,36.86
1.68E-05,39.0208
1.68E-05,41.4023
1.68E-05,44.0369
1.68E-05,46.9635
1.68E-05,49.8617
1.68E-05,52.668
1.68E-05,55.7482
1.69E-05,59.1418
1.69E-05,62.8962
1.69E-05,67.0689
1.69E-05,71.7298
1.69E-05,75.5971
1.69E-05,79.8308
1.69E-05,84.9286
1.69E-05,90.6042
1.69E-05,96.9542
1.69E-05,102.228
1.70E-05,108.004
1.70E-05,114.348
1.70E-05,121.337
1.70E-05,129.057
1.70E-05,137.607
1.70E-05,143.825
1.70E-05,154.419
1.70E-05,163.183
1.70E-05,172.729
1.70E-05,183.136
1.70E-05,194.489
1.70E-05,206.882
1.70E-05,220.414
1.70E-05,235.191
1.70E-05,251.325
1.70E-05,268.934
1.70E-05,283.603
1.70E-05,301.491
1.71E-05,320.768
1.71E-05,341.522
1.71E-05,363.84
1.71E-05,387.81
1.71E-05,413.519
1.71E-05,441.048
1.71E-05,475.125
1.71E-05,516.88
1.71E-05,562.141
1.71E-05,611.013
1.71E-05,672.686
1.71E-05,729.565
1.71E-05,790.117
1.71E-05,876.399
1.71E-05,968.642
1.71E-05,1066.22
1.72E-05,1220.65
1.72E-05,1648.05
1.72E-05,1797.66
1.72E-05,1888.88
1.72E-05,1970.99
1.72E-05,2042.14
1.72E-05,2100.68
1.72E-05,2147.02
1.72E-05,2172.34
1.73E-05,2187.17
1.73E-05,2189.07
1.73E-05,2184.37
1.73E-05,2166.82
1.73E-05,2132.49
1.73E-05,2083.4
1.73E-05,2020.76
1.73E-05,1946.06
1.73E-05,1861.04
1.73E-05,1718.29
1.73E-05,1563.26
1.74E-05,1189.62
1.74E-05,1037.46
1.74E-05,941.705
1.74E-05,851.452
1.74E-05,767.244
1.74E-05,708.26
1.74E-05,645.835
1.74E-05,584.872
1.74E-05,547.127
1.74E-05,500.323
1.74E-05,459.983
1.74E-05,422.921
1.75E-05,388.974
1.75E-05,357.965
1.75E-05,338.832
1.75E-05,312.3
1.75E-05,288.199
1.75E-05,266.338
1.75E-05,246.532
1.75E-05,228.6
1.75E-05,212.374
1.75E-05,197.691
1.75E-05,184.403
1.75E-05,172.369
1.75E-05,161.463
1.75E-05,151.568
1.75E-05,142.577
1.75E-05,134.396
1.76E-05,126.937
1.76E-05,120.125
1.76E-05,113.889
1.76E-05,106.369
1.76E-05,99.6393
1.76E-05,93.9536
1.76E-05,88.7935
1.76E-05,84.0942
1.76E-05,79.8002
1.76E-05,74.6242
1.76E-05,69.9903
1.76E-05,65.8211
1.77E-05,62.0529
1.77E-05,58.6327
1.77E-05,55.5909
1.77E-05,52.8038
1.77E-05,49.434
1.77E-05,46.4079
1.77E-05,43.6783
1.77E-05,41.2062
1.77E-05,38.9592
1.78E-05,36.9099
1.78E-05,34.6929
1.78E-05,32.3865
1.78E-05,30.3279
1.78E-05,28.4824
1.78E-05,26.821
1.79E-05,25.3198
1.79E-05,23.9587
1.79E-05,22.7205
1.79E-05,21.4566
1.79E-05,20.1923
1.80E-05,19.0561
1.80E-05,18.0314
1.80E-05,17.104
1.80E-05,16.2621
1.81E-05,15.4958
1.81E-05,14.7962
1.81E-05,14.0381
1.81E-05,13.2492
1.82E-05,12.5464
1.82E-05,11.9181
1.82E-05,11.3544
1.83E-05,10.847
1.83E-05,10.389
1.84E-05,9.78179
1.84E-05,9.24948
1.85E-05,8.78804
1.85E-05,8.38677
1.85E-05,8.03699
1.86E-05,7.73155
1.86E-05,7.46222
1.87E-05,7.15431
1.88E-05,6.89831
1.88E-05,6.68685
1.89E-05,6.51273
1.90E-05,6.37131
1.90E-05,6.25963
1.91E-05,6.17477
1.92E-05,6.10571
1.93E-05,6.06471
1.93E-05,6.0589
1.94E-05,6.07971
1.95E-05,6.14483
1.96E-05,6.25396
1.97E-05,6.40978
1.98E-05,6.61259
1.99E-05,6.86827
2.00E-05,7.18179
2.01E-05,7.42523
2.02E-05,7.70134
2.03E-05,8.01482
2.03E-05,8.36807
2.04E-05,8.76552
2.05E-05,9.21595
2.05E-05,9.72738
2.06E-05,10.3054
2.07E-05,10.9602
2.07E-05,11.512
2.08E-05,12.127
2.09E-05,12.808
2.09E-05,13.5642
2.10E-05,14.4065
2.10E-05,15.3477
2.11E-05,16.419
2.11E-05,17.6272
2.12E-05,18.52
2.12E-05,19.4923
2.12E-05,20.5538
2.13E-05,21.7162
2.13E-05,22.9927
2.14E-05,24.67
2.14E-05,26.5585
2.14E-05,27.9525
2.15E-05,29.4693
2.15E-05,31.1238
2.15E-05,32.9331
2.15E-05,34.9173
2.16E-05,36.7262
2.16E-05,38.6894
2.16E-05,40.8248
2.16E-05,43.1534
2.17E-05,45.6995
2.17E-05,48.4912
2.17E-05,51.5616
2.17E-05,54.9497
2.18E-05,57.8229
2.18E-05,60.9394
2.18E-05,64.3281
2.18E-05,68.0222
2.18E-05,72.0606
2.19E-05,76.4882
2.19E-05,81.3581
2.19E-05,86.7329
2.19E-05,91.2877
2.19E-05,96.23
2.19E-05,101.607
2.20E-05,107.472
2.20E-05,113.891
2.20E-05,120.937
2.20E-05,128.699
2.20E-05,137.285
2.20E-05,145.159
2.20E-05,153.782
2.20E-05,163.258
2.21E-05,173.711
2.21E-05,185.293
2.21E-05,198.186
2.21E-05,208.847
2.21E-05,220.481
2.21E-05,235.912
2.21E-05,251.178
2.21E-05,268.139
2.21E-05,287.062
2.22E-05,302.731
2.22E-05,319.837
2.22E-05,338.554
2.22E-05,359.081
2.22E-05,381.642
2.22E-05,406.488
2.22E-05,436.307
2.22E-05,460.885
2.22E-05,487.563
2.22E-05,516.542
2.22E-05,548.035
2.22E-05,582.272
2.22E-05,619.498
2.22E-05,659.968
2.22E-05,703.956
2.22E-05,751.743
2.23E-05,813.107
2.23E-05,885.868
2.23E-05,966.307
2.23E-05,1055.03
2.23E-05,1152.63
2.23E-05,1222.89
2.23E-05,1318.26
2.23E-05,1420.89
2.23E-05,1530.99
2.23E-05,1648.74
2.23E-05,1794.24
2.23E-05,1950.08
2.23E-05,2116.15
2.23E-05,2352.9
2.24E-05,2605.94
2.24E-05,2942.09
2.24E-05,3367.1
2.24E-05,4235.31
2.24E-05,4644.04
2.24E-05,4894.04
2.24E-05,5119.32
2.25E-05,5314.43
2.25E-05,5474.47
2.25E-05,5571.7
2.25E-05,5647.59
2.25E-05,5699.47
2.25E-05,5709
2.25E-05,5692.46
2.25E-05,5631.44
2.25E-05,5539.43
2.25E-05,5429.8
2.25E-05,5258.85
2.26E-05,5054.39
2.26E-05,4821.52
2.26E-05,4565.77
2.26E-05,4151.94
2.26E-05,3142.68
2.26E-05,2730.21
2.26E-05,2470.95
2.27E-05,2227.03
2.27E-05,2055.14
2.27E-05,1893.21
2.27E-05,1741.49
2.27E-05,1600.03
2.27E-05,1477.2
2.27E-05,1363.07
2.27E-05,1257.41
2.27E-05,1159.89
2.27E-05,1059.46
2.27E-05,968.298
2.27E-05,912.367
2.27E-05,860.092
2.27E-05,811.281
2.27E-05,765.743
2.28E-05,706.466
2.28E-05,658.884
2.28E-05,615.364
2.28E-05,575.572
2.28E-05,539.192
2.28E-05,505.928
2.28E-05,475.499
2.28E-05,447.648
2.28E-05,422.135
2.28E-05,398.741
2.28E-05,377.263
2.28E-05,355.724
2.28E-05,335.23
2.28E-05,316.543
2.28E-05,299.465
2.29E-05,283.823
2.29E-05,264.936
2.29E-05,248.011
2.29E-05,232.782
2.29E-05,219.022
2.29E-05,205.063
2.29E-05,191.176
2.29E-05,178.752
2.29E-05,167.581
2.30E-05,157.49
2.30E-05,148.337
2.30E-05,140.003
2.30E-05,132.387
2.30E-05,124.409
2.30E-05,116.267
2.30E-05,108.931
2.31E-05,102.294
2.31E-05,96.2682
2.31E-05,90.7774
2.31E-05,85.7587
2.31E-05,81.1581
2.31E-05,76.4635
2.32E-05,71.7546
2.32E-05,67.48
2.32E-05,63.587
2.32E-05,60.0307
2.32E-05,56.7728
2.33E-05,53.7804
2.33E-05,51.0249
2.33E-05,48.1776
2.33E-05,45.2923
2.33E-05,42.6658
2.34E-05,40.2678
2.34E-05,38.0723
2.34E-05,36.0571
2.34E-05,34.2027
2.35E-05,32.4925
2.35E-05,30.7226
2.35E-05,28.9263
2.36E-05,27.2888
2.36E-05,25.7917
2.36E-05,24.4195
2.36E-05,23.1586
2.37E-05,21.9973
2.37E-05,20.4202
2.38E-05,19.2837
2.38E-05,18.2448
2.38E-05,17.2924
2.39E-05,16.417
2.39E-05,15.6104
2.40E-05,14.514
2.40E-05,13.5366
2.41E-05,12.8536
2.41E-05,12.2252
2.42E-05,11.3727
2.42E-05,10.6143
2.43E-05,9.93684
2.44E-05,9.32915
2.44E-05,8.77474
2.45E-05,8.27463
2.45E-05,7.82202
2.46E-05,7.41116
2.47E-05,7.03715
2.47E-05,6.69274
2.48E-05,6.27733
2.49E-05,5.90795
2.50E-05,5.57804
2.51E-05,5.27974
2.52E-05,5.00939
2.53E-05,4.76574
2.54E-05,4.54569
2.54E-05,4.34517
2.55E-05,4.1622
2.57E-05,3.91892
2.58E-05,3.70701
2.59E-05,3.5213
2.61E-05,3.35994
2.62E-05,3.21848
2.63E-05,3.0953
2.65E-05,2.98884
2.66E-05,2.89608
2.68E-05,2.81706
2.70E-05,2.73075
2.71E-05,2.66439
2.73E-05,2.61523
2.75E-05,2.58309
2.77E-05,2.56883
2.78E-05,2.56673
2.80E-05,2.5733
2.82E-05,2.59705
2.84E-05,2.63925
2.86E-05,2.70079
2.87E-05,2.76158
2.89E-05,2.83552
2.90E-05,2.92434
2.92E-05,3.03037
2.93E-05,3.15488
2.95E-05,3.30183
2.96E-05,3.47417
2.98E-05,3.67507
2.99E-05,3.82986
3.00E-05,4.00218
3.01E-05,4.19392
3.02E-05,4.40763
3.03E-05,4.64991
3.04E-05,4.92133
3.05E-05,5.22639
3.06E-05,5.48103
3.07E-05,5.76376
3.08E-05,6.07692
3.09E-05,6.42306
3.09E-05,6.8067
3.10E-05,7.23327
3.11E-05,7.71157
3.12E-05,8.25286
3.13E-05,8.86262
3.13E-05,9.31292
3.14E-05,9.803
3.14E-05,10.3376
3.15E-05,10.9223
3.15E-05,11.4984
3.16E-05,12.3509
3.16E-05,12.9777
3.17E-05,13.6574
3.17E-05,14.3962
3.18E-05,15.2016
3.18E-05,16.0818
3.19E-05,17.0464
3.19E-05,18.3275
3.20E-05,19.2686
3.20E-05,20.2885
3.20E-05,21.3961
3.21E-05,22.6019
3.21E-05,23.918
3.21E-05,25.3582
3.22E-05,26.7739
3.22E-05,28.8624
3.22E-05,30.3996
3.23E-05,32.0681
3.23E-05,33.8837
3.23E-05,35.8641
3.23E-05,38.0303
3.24E-05,40.4065
3.24E-05,43.5757
3.24E-05,45.9083
3.24E-05,48.4405
3.25E-05,51.1964
3.25E-05,54.2037
3.25E-05,57.4949
3.25E-05,61.1079
3.26E-05,64.5037
3.26E-05,69.1978
3.26E-05,74.4479
3.26E-05,78.3031
3.26E-05,82.4805
3.27E-05,87.0187
3.27E-05,91.9626
3.27E-05,96.9971
3.27E-05,102.083
3.27E-05,107.606
3.27E-05,113.62
3.27E-05,120.189
3.28E-05,127.39
3.28E-05,135.313
3.28E-05,144.066
3.28E-05,153.269
3.28E-05,162.91
3.28E-05,173.588
3.28E-05,185.469
3.28E-05,198.754
3.29E-05,209.781
3.29E-05,221.85
3.29E-05,235.099
3.29E-05,249.685
3.29E-05,260.238
3.29E-05,278.136
3.29E-05,298.059
3.29E-05,320.292
3.29E-05,338.675
3.29E-05,358.691
3.29E-05,380.502
3.30E-05,404.287
3.30E-05,430.24
3.30E-05,458.566
3.30E-05,494.128
3.30E-05,526.601
3.30E-05,561.883
3.30E-05,600.194
3.30E-05,641.764
3.30E-05,686.826
3.30E-05,735.616
3.30E-05,788.372
3.30E-05,838.264
3.30E-05,907.983
3.30E-05,983.738
3.31E-05,1065.82
3.31E-05,1154.5
3.31E-05,1249.96
3.31E-05,1357.97
3.31E-05,1473.76
3.31E-05,1597.35
3.31E-05,1774.03
3.31E-05,1963.7
3.31E-05,2113.85
3.31E-05,2323.37
3.32E-05,2653.5
3.32E-05,3447.85
3.32E-05,3769.33
3.32E-05,3967.15
3.32E-05,4146.91
3.32E-05,4304.66
3.33E-05,4430.84
3.33E-05,4526.63
3.33E-05,4600.55
3.33E-05,4646.47
3.33E-05,4658.93
3.33E-05,4646.73
3.33E-05,4601.15
3.33E-05,4532.14
3.33E-05,4449.7
3.34E-05,4320.74
3.34E-05,4165.88
3.34E-05,3988.68
3.34E-05,3793.05
3.34E-05,3474.11
3.34E-05,2570.25
3.35E-05,2245.18
3.35E-05,1990.39
3.35E-05,1799.54
3.35E-05,1621.47
3.35E-05,1496.75
3.35E-05,1364.74
3.35E-05,1263.49
3.35E-05,1168.91
3.35E-05,1080.88
3.35E-05,1009.07
3.36E-05,923.638
3.36E-05,845.607
3.36E-05,774.56
3.36E-05,710.044
3.36E-05,651.599
3.36E-05,607.193
3.36E-05,566.409
3.36E-05,528.985
3.36E-05,494.665
3.36E-05,463.206
3.36E-05,434.375
3.36E-05,407.95
3.37E-05,383.727
3.37E-05,361.51
3.37E-05,341.121
3.37E-05,321.541
3.37E-05,302.056
3.37E-05,284.327
3.37E-05,268.167
3.37E-05,253.411
3.37E-05,239.908
3.37E-05,223.628
3.37E-05,209.067
3.38E-05,195.993
3.38E-05,184.206
3.38E-05,174.175
3.38E-05,165.009
3.38E-05,153.959
3.38E-05,144.066
3.38E-05,135.165
3.38E-05,127.118
3.39E-05,119.814
3.39E-05,113.158
3.39E-05,106.203
3.39E-05,99.1222
3.39E-05,92.7578
3.39E-05,87.0117
3.40E-05,81.8031
3.40E-05,77.0645
3.40E-05,72.7391
3.40E-05,68.7787
3.40E-05,64.7419
3.41E-05,60.6972
3.41E-05,57.0293
3.41E-05,53.6917
3.41E-05,50.6453
3.41E-05,47.8564
3.42E-05,45.2963
3.42E-05,42.9404
3.42E-05,40.5072
3.42E-05,38.0429
3.43E-05,35.8007
3.43E-05,33.7545
3.43E-05,31.8819
3.44E-05,30.1635
3.44E-05,28.5828
3.44E-05,27.1253
3.44E-05,25.6174
3.45E-05,24.0873
3.45E-05,22.6927
3.46E-05,21.418
3.46E-05,20.2498
3.46E-05,19.1764
3.47E-05,18.1878
3.47E-05,17.2755
3.47E-05,16.3507
3.48E-05,15.4261
3.48E-05,14.5796
3.49E-05,13.8025
3.49E-05,13.0873
3.49E-05,12.4273
3.50E-05,11.5291
3.50E-05,10.9845
3.51E-05,10.3178
3.52E-05,9.71159
3.52E-05,9.15882
3.53E-05,8.65335
3.53E-05,8.18993
3.54E-05,7.764
3.54E-05,7.37161
3.55E-05,7.00932
3.56E-05,6.63853
3.56E-05,6.29757
3.57E-05,5.98331
3.58E-05,5.55612
3.59E-05,5.17514
3.60E-05,4.83392
3.61E-05,4.52444
3.62E-05,4.24439
3.63E-05,3.99135
3.63E-05,3.76161
3.64E-05,3.55213
3.65E-05,3.35985
3.66E-05,3.18227
3.68E-05,2.9682
3.69E-05,2.7767
3.70E-05,2.6047
3.72E-05,2.44753
3.73E-05,2.3055
3.74E-05,2.17671
3.75E-05,2.05956
3.77E-05,1.95122
3.78E-05,1.85221
3.79E-05,1.76147
3.81E-05,1.6781
3.83E-05,1.56368
3.85E-05,1.46218
3.87E-05,1.37132
3.89E-05,1.28936
3.91E-05,1.21584
3.93E-05,1.14886
3.95E-05,1.08804
3.97E-05,1.0329
3.99E-05,0.982069
4.01E-05,0.935766
4.04E-05,0.879888
4.07E-05,0.829704
4.10E-05,0.78454
4.13E-05,0.743772
4.16E-05,0.706855
4.19E-05,0.673329
4.21E-05,0.642867
4.24E-05,0.615024
4.29E-05,0.577579
4.33E-05,0.544721
4.38E-05,0.515792
4.43E-05,0.490137
4.47E-05,0.467448
4.52E-05,0.44737
4.57E-05,0.429699
4.63E-05,0.40915
4.70E-05,0.391682
4.76E-05,0.377097
4.83E-05,0.365132
4.90E-05,0.355575
4.97E-05,0.348324
5.04E-05,0.343338
5.11E-05,0.340641
5.15E-05,0.340104
5.23E-05,0.341369
5.28E-05,0.344054
5.34E-05,0.348423
5.39E-05,0.354646
5.45E-05,0.362882
5.51E-05,0.373631
5.57E-05,0.387192
5.63E-05,0.404101
5.66E-05,0.417582
5.70E-05,0.433092
5.74E-05,0.450986
5.79E-05,0.471671
5.83E-05,0.495602
5.87E-05,0.523373
5.90E-05,0.547198
5.93E-05,0.573948
5.96E-05,0.604051
5.99E-05,0.638112
6.02E-05,0.676864
6.05E-05,0.721302
6.08E-05,0.754361
6.10E-05,0.790556
6.12E-05,0.830865
6.14E-05,0.875278
6.16E-05,0.924353
6.18E-05,0.978745
6.21E-05,1.04014
6.23E-05,1.10876
6.25E-05,1.18579
6.26E-05,1.24992
6.28E-05,1.32095
6.30E-05,1.39955
6.31E-05,1.48637
6.33E-05,1.58246
6.35E-05,1.6892
6.36E-05,1.80794
6.38E-05,1.93977
6.40E-05,2.08805
6.41E-05,2.19742
6.42E-05,2.31634
6.43E-05,2.44596
6.44E-05,2.58759
6.45E-05,2.72764
6.46E-05,2.93594
6.47E-05,3.0892
6.48E-05,3.25548
6.49E-05,3.43633
6.50E-05,3.63349
6.51E-05,3.84899
6.52E-05,4.08518
6.53E-05,4.40503
6.53E-05,4.64044
6.54E-05,4.89592
6.55E-05,5.1738
6.56E-05,5.47679
6.56E-05,5.80812
6.57E-05,6.1716
6.58E-05,6.52345
6.59E-05,7.03121
6.59E-05,7.4045
6.60E-05,7.80927
6.60E-05,8.24914
6.61E-05,8.72832
6.61E-05,9.25165
6.62E-05,9.82478
6.63E-05,10.5876
6.63E-05,11.1478
6.63E-05,11.7548
6.64E-05,12.414
6.64E-05,13.1315
6.65E-05,13.9145
6.65E-05,14.7714
6.66E-05,15.6137
6.66E-05,16.4259
6.66E-05,17.3047
6.67E-05,18.2578
6.67E-05,19.294
6.67E-05,20.4234
6.68E-05,21.6577
6.68E-05,23.0107
6.68E-05,24.7442
6.69E-05,26.384
6.69E-05,28.1978
6.70E-05,30.2117
6.70E-05,32.4574
6.70E-05,34.9307
6.71E-05,37.615
6.71E-05,39.5876
6.71E-05,41.7266
6.71E-05,44.0523
6.71E-05,46.5882
6.72E-05,49.3618
6.72E-05,52.4056
6.72E-05,55.4081
6.72E-05,58.6941
6.72E-05,62.3033
6.73E-05,66.2828
6.73E-05,70.6891
6.73E-05,75.5901
6.73E-05,81.0679
6.73E-05,85.614
6.74E-05,89.8235
6.74E-05,95.4203
6.74E-05,101.605
6.74E-05,108.462
6.74E-05,116.091
6.74E-05,124.605
6.74E-05,131.651
6.75E-05,139.33
6.75E-05,147.714
6.75E-05,155.068
6.75E-05,164.433
6.75E-05,174.642
6.75E-05,185.779
6.75E-05,197.934
6.75E-05,211.202
6.75E-05,225.683
6.76E-05,241.486
6.76E-05,256.93
6.76E-05,279.471
6.76E-05,304.429
6.76E-05,332.009
6.76E-05,362.416
6.76E-05,395.845
6.76E-05,424.888
6.76E-05,456.069
6.77E-05,489.461
6.77E-05,525.125
6.77E-05,572.965
6.77E-05,624.465
6.77E-05,679.614
6.77E-05,738.336
6.77E-05,821.925
6.78E-05,911.027
6.78E-05,1004.8
6.78E-05,1201.65
6.78E-05,1400.37
6.79E-05,1541.43
6.79E-05,1627.69
6.79E-05,1705.25
6.79E-05,1772.09
6.79E-05,1826.42
6.80E-05,1866.71
6.80E-05,1887.01
6.80E-05,1898.43
6.80E-05,1901.06
6.80E-05,1895.47
6.80E-05,1880.93
6.80E-05,1853.86
6.81E-05,1828.27
6.81E-05,1774.51
6.81E-05,1708.19
6.81E-05,1631.11
6.81E-05,1545.27
6.82E-05,1404.73
6.82E-05,1058.02
6.82E-05,938.957
6.83E-05,848.5
6.83E-05,763.311
6.83E-05,703.271
6.83E-05,646.738
6.83E-05,593.814
6.83E-05,544.535
6.83E-05,498.881
6.83E-05,459.477
6.84E-05,423.078
6.84E-05,389.567
6.84E-05,358.81
6.84E-05,337.459
6.84E-05,317.506
6.84E-05,298.882
6.84E-05,281.517
6.84E-05,265.34
6.84E-05,250.283
6.85E-05,236.277
6.85E-05,218.103
6.85E-05,203.56
6.85E-05,190.291
6.85E-05,178.185
6.85E-05,167.135
6.85E-05,157.044
6.85E-05,147.82
6.85E-05,139.381
6.86E-05,131.649
6.86E-05,124.557
6.86E-05,115.987
6.86E-05,109.356
6.86E-05,103.308
6.86E-05,97.7787
6.86E-05,92.7103
6.87E-05,86.5846
6.87E-05,81.0887
6.87E-05,76.1368
6.87E-05,71.6568
6.87E-05,67.5878
6.87E-05,63.0021
6.88E-05,58.8956
6.88E-05,55.2004
6.88E-05,51.8604
6.88E-05,48.8291
6.89E-05,46.0679
6.89E-05,43.5441
6.89E-05,41.2301
6.89E-05,38.4973
6.90E-05,36.0362
6.90E-05,33.8106
6.90E-05,31.7906
6.90E-05,29.9509
6.91E-05,28.2701
6.91E-05,26.7301
6.91E-05,25.3152
6.92E-05,23.7257
6.92E-05,22.2841
6.92E-05,20.9722
6.93E-05,19.7748
6.93E-05,18.6786
6.93E-05,17.6725
6.94E-05,16.7466
6.94E-05,15.8926
6.95E-05,14.9151
6.95E-05,14.0262
6.95E-05,13.2154
6.96E-05,12.4738
6.96E-05,11.7936
6.97E-05,11.1682
6.97E-05,10.5919
6.98E-05,10.0596
6.98E-05,9.44946
6.99E-05,8.89386
6.99E-05,8.38646
7.00E-05,7.92181
7.00E-05,7.49522
7.01E-05,7.10266
7.02E-05,6.74059
7.02E-05,6.40596
7.03E-05,6.03686
7.03E-05,5.69933
7.04E-05,5.38982
7.05E-05,5.10524
7.05E-05,4.84291
7.06E-05,4.4862
7.07E-05,4.168
7.08E-05,3.91321
7.09E-05,3.68153
7.10E-05,3.47025
7.11E-05,3.27705
7.12E-05,3.09992
7.13E-05,2.93713
7.14E-05,2.78717
7.15E-05,2.64873
7.16E-05,2.49013
7.17E-05,2.3458
7.18E-05,2.21407
7.19E-05,2.09352
7.20E-05,1.98292
7.21E-05,1.8812
7.22E-05,1.78744
7.23E-05,1.70084
7.25E-05,1.60894
7.26E-05,1.5247
7.27E-05,1.44737
7.29E-05,1.34262
7.31E-05,1.24936
7.33E-05,1.16603
7.35E-05,1.09066
7.37E-05,1.02264
7.39E-05,0.961306
7.41E-05,0.905826
7.43E-05,0.855479
7.45E-05,0.809448
7.47E-05,0.767077
7.49E-05,0.72835
7.50E-05,0.692865
7.53E-05,0.649998
7.56E-05,0.611319
7.58E-05,0.57632
7.61E-05,0.544773
7.64E-05,0.516247
7.66E-05,0.490209
7.69E-05,0.466431
7.72E-05,0.444754
7.75E-05,0.424937
7.79E-05,0.39808
7.83E-05,0.374395
7.87E-05,0.353523
7.91E-05,0.334858
7.95E-05,0.31829
7.99E-05,0.303494
8.04E-05,0.29021
8.08E-05,0.278379
8.12E-05,0.267733
8.18E-05,0.255255
8.23E-05,0.244481
8.29E-05,0.235209
8.35E-05,0.227385
8.41E-05,0.220601
8.47E-05,0.214889
8.53E-05,0.210173
8.59E-05,0.206386
8.65E-05,0.20347
8.71E-05,0.201383
8.80E-05,0.199716
8.85E-05,0.199511
8.91E-05,0.200057
8.97E-05,0.201294
9.03E-05,0.203411
9.13E-05,0.208228
9.19E-05,0.212666
9.26E-05,0.218205
9.32E-05,0.224777
9.39E-05,0.232817
9.46E-05,0.242387
9.52E-05,0.253732
9.57E-05,0.263595
9.62E-05,0.274727
9.67E-05,0.287481
9.72E-05,0.30188
9.78E-05,0.31834
9.83E-05,0.337267
9.88E-05,0.358918
9.91E-05,0.37477
9.95E-05,0.391838
9.98E-05,0.410573
1.00E-04,0.431117
1.00E-04,0.454496
1.01E-04,0.481547
1.01E-04,0.511864
1.02E-04,0.545954
1.02E-04,0.574525
1.02E-04,0.60625
1.02E-04,0.64128
1.03E-04,0.680098
1.03E-04,0.723279
1.03E-04,0.771516
1.03E-04,0.826458
1.04E-04,0.866974
1.04E-04,0.911032
1.04E-04,0.959068
1.04E-04,1.01159
1.04E-04,1.06916
1.04E-04,1.1324
1.05E-04,1.19266
1.05E-04,1.27785
1.05E-04,1.37387
1.05E-04,1.4448
1.05E-04,1.52202
1.05E-04,1.60631
1.06E-04,1.69859
1.06E-04,1.79274
1.06E-04,1.88795
1.06E-04,1.99172
1.06E-04,2.10515
1.06E-04,2.22948
1.06E-04,2.36621
1.06E-04,2.51708
1.07E-04,2.68415
1.07E-04,2.84285
1.07E-04,2.98795
1.07E-04,3.14531
1.07E-04,3.31636
1.07E-04,3.50275
1.07E-04,3.70643
1.07E-04,3.92967
1.07E-04,4.17519
1.07E-04,4.41347
1.07E-04,4.63885
1.07E-04,4.88313
1.07E-04,5.14853
1.08E-04,5.43756
1.08E-04,5.75317
1.08E-04,6.09873
1.08E-04,6.47824
1.08E-04,6.83097
1.08E-04,7.31022
1.08E-04,7.84463
1.08E-04,8.44323
1.08E-04,8.88328
1.08E-04,9.36052
1.08E-04,10.0678
1.08E-04,10.6681
1.08E-04,11.3267
1.08E-04,12.0515
1.08E-04,12.852
1.08E-04,13.7394
1.08E-04,14.6406
1.08E-04,15.6386
1.09E-04,16.748
1.09E-04,17.987
1.09E-04,19.3773
1.09E-04,20.8452
1.09E-04,22.4415
1.09E-04,23.6169
1.09E-04,24.8939
1.09E-04,26.2853
1.09E-04,27.8062
1.09E-04,29.4745
1.09E-04,31.2154
1.09E-04,33.0248
1.09E-04,35.0123
1.09E-04,37.2045
1.09E-04,39.6325
1.09E-04,42.3342
1.09E-04,45.355
1.09E-04,47.8626
1.09E-04,50.6073
1.09E-04,53.9736
1.09E-04,57.721
1.09E-04,61.9074
1.09E-04,65.3752
1.09E-04,69.1593
1.09E-04,73.2951
1.09E-04,77.8216
1.09E-04,82.7825
1.09E-04,88.2244
1.09E-04,94.8986
1.09E-04,100.763
1.09E-04,107.14
1.09E-04,114.076
1.09E-04,121.615
1.09E-04,129.811
1.09E-04,138.711
1.09E-04,148.373
1.09E-04,157.87
1.09E-04,171.852
1.09E-04,187.244
1.09E-04,204.143
1.09E-04,222.646
1.09E-04,242.837
1.09E-04,261.283
1.09E-04,281.029
1.09E-04,302.101
1.09E-04,333.499
1.09E-04,361.637
1.09E-04,391.542
1.09E-04,434.064
1.09E-04,479.405
1.10E-04,539.527
1.10E-04,615.493
1.10E-04,771.256
1.10E-04,845.374
1.10E-04,891.22
1.10E-04,933.081
1.10E-04,970.025
1.10E-04,1001.2
1.10E-04,1025.85
1.10E-04,1040.85
1.10E-04,1050.3
1.10E-04,1055.23
1.10E-04,1055.72
1.10E-04,1052.35
1.10E-04,1041.23
1.10E-04,1023.16
1.10E-04,1002.61
1.10E-04,971.772
1.10E-04,935.133
1.10E-04,893.544
1.10E-04,823.918
1.10E-04,748.513
1.10E-04,592.915
1.10E-04,518.126
1.10E-04,459.37
1.10E-04,415.298
1.10E-04,374.145
1.10E-04,345.304
1.10E-04,318.241
1.10E-04,297.055
1.10E-04,273.262
1.10E-04,251.215
1.10E-04,230.865
1.10E-04,213.948
1.10E-04,199.977
1.10E-04,186.965
1.10E-04,174.866
1.10E-04,163.636
1.10E-04,153.224
1.10E-04,143.584
1.10E-04,134.667
1.10E-04,124.627
1.10E-04,116.483
1.10E-04,109.022
1.10E-04,102.188
1.10E-04,95.9288
1.10E-04,90.195
1.10E-04,84.9409
1.10E-04,80.1232
1.10E-04,75.7017
1.10E-04,72.9565
1.11E-04,67.9061
1.11E-04,63.9985
1.11E-04,60.4361
1.11E-04,57.182
1.11E-04,54.2032
1.11E-04,50.6096
1.11E-04,47.3933
1.11E-04,44.5031
1.11E-04,41.8955
1.11E-04,39.5335
1.11E-04,37.5145
1.11E-04,35.662
1.11E-04,33.419
1.11E-04,31.4013
1.11E-04,29.5781
1.11E-04,27.9236
1.11E-04,26.4166
1.11E-04,25.0392
1.11E-04,23.5957
1.11E-04,22.1221
1.11E-04,20.794
1.11E-04,19.5924
1.11E-04,18.5012
1.11E-04,17.5069
1.11E-04,16.5983
1.11E-04,15.7656
1.11E-04,14.8745
1.11E-04,13.9518
1.11E-04,13.1221
1.11E-04,12.3735
1.11E-04,11.6957
1.11E-04,11.0803
1.11E-04,10.5199
1.11E-04,10.0084
1.12E-04,9.44529
1.12E-04,8.85406
1.12E-04,8.32951
1.12E-04,7.86258
1.12E-04,7.44578
1.12E-04,7.07282
1.12E-04,6.73844
1.12E-04,6.43819
1.12E-04,6.13022
1.12E-04,5.82441
1.12E-04,5.55797
1.12E-04,5.32614
1.12E-04,5.12494
1.12E-04,4.95105
1.13E-04,4.80174
1.13E-04,4.67477
1.13E-04,4.54303
1.13E-04,4.44959
1.13E-04,4.37952
1.13E-04,4.33161
1.13E-04,4.305
1.13E-04,4.29885
1.13E-04,4.31021
1.13E-04,4.34995
1.14E-04,4.41895
1.14E-04,4.51876
1.14E-04,4.65165
1.14E-04,4.77487
1.14E-04,4.92012
1.14E-04,5.08945
1.14E-04,5.28537
1.14E-04,5.49084
1.14E-04,5.72395
1.14E-04,5.98804
1.14E-04,6.28712
1.15E-04,6.62607
1.15E-04,7.01079
1.15E-04,7.44839
1.15E-04,7.81643
1.15E-04,8.14264
1.15E-04,8.56267
1.15E-04,9.02667
1.15E-04,9.54049
1.15E-04,10.1111
1.15E-04,10.7467
1.15E-04,11.4571
1.15E-04,12.2543
1.15E-04,13.0014
1.15E-04,13.6655
1.15E-04,14.3894
1.15E-04,15.1806
1.15E-04,16.0478
1.15E-04,17.0011
1.15E-04,18.0527
1.15E-04,19.2167
1.16E-04,20.3907
1.16E-04,21.5568
1.16E-04,22.8373
1.16E-04,24.2487
1.16E-04,25.8106
1.16E-04,27.5469
1.16E-04,29.4868
1.16E-04,31.0968
1.16E-04,32.86
1.16E-04,34.7021
1.16E-04,36.7261
1.16E-04,38.9592
1.16E-04,41.4341
1.16E-04,44.1901
1.16E-04,47.2747
1.16E-04,49.8377
1.16E-04,52.6458
1.16E-04,55.6239
1.16E-04,58.6591
1.16E-04,61.9794
1.16E-04,65.6194
1.16E-04,69.6181
1.16E-04,74.0189
1.16E-04,78.8714
1.16E-04,84.2293
1.16E-04,90.1529
1.16E-04,96.7075
1.16E-04,103.966
1.16E-04,110.763
1.16E-04,117.508
1.16E-04,124.81
1.16E-04,132.716
1.16E-04,141.268
1.16E-04,150.516
1.16E-04,160.508
1.16E-04,171.294
1.16E-04,182.925
1.16E-04,195.451
1.16E-04,208.924
1.16E-04,222.682
1.16E-04,237.384
1.16E-04,253.072
1.16E-04,269.782
1.16E-04,296.837
1.16E-04,326.367
1.16E-04,347.465
1.16E-04,376.145
1.16E-04,406.713
1.16E-04,439.162
1.16E-04,473.456
1.16E-04,518.827
1.16E-04,566.805
1.16E-04,643.086
1.16E-04,750.885
1.17E-04,944.525
1.17E-04,1023.71
1.17E-04,1097.01
1.17E-04,1161.87
1.17E-04,1199.24
1.17E-04,1231.15
1.17E-04,1254.74
1.17E-04,1278.03
1.17E-04,1289.92
1.17E-04,1294.83
1.17E-04,1291.75
1.17E-04,1281.57
1.17E-04,1264.99
1.17E-04,1246.03
1.17E-04,1217.35
1.17E-04,1182.9
1.17E-04,1143.29
1.17E-04,1075.68
1.17E-04,1000.41
1.17E-04,892.559
1.17E-04,699.316
1.17E-04,620.121
1.17E-04,569.735
1.17E-04,521.674
1.17E-04,481.735
1.17E-04,433.496
1.17E-04,403.358
1.17E-04,363.935
1.17E-04,332.721
1.17E-04,303.853
1.17E-04,277.277
1.17E-04,252.91
1.17E-04,230.656
1.17E-04,215.693
1.17E-04,201.748
1.17E-04,188.77
1.17E-04,176.709
1.17E-04,165.515
1.17E-04,155.137
1.17E-04,145.526
1.17E-04,136.632
1.17E-04,128.406
1.17E-04,120.804
1.17E-04,113.458
1.17E-04,106.112
1.17E-04,99.4023
1.17E-04,93.2737
1.17E-04,87.6731
1.17E-04,82.5529
1.17E-04,77.8668
1.17E-04,73.5747
1.17E-04,69.6383
1.17E-04,66.0238
1.17E-04,61.6514
1.17E-04,57.9626
1.17E-04,54.6229
1.17E-04,51.5904
1.18E-04,48.8289
1.18E-04,46.3067
1.18E-04,43.9961
1.18E-04,41.2039
1.18E-04,38.6975
1.18E-04,36.4368
1.18E-04,34.1943
1.18E-04,31.9983
1.18E-04,30.0257
1.18E-04,28.245
1.18E-04,26.6301
1.18E-04,25.1597
1.18E-04,23.8158
1.18E-04,22.5835
1.18E-04,21.2699
1.18E-04,19.9115
1.18E-04,18.6858
1.18E-04,17.5751
1.18E-04,16.565
1.18E-04,15.6433
1.18E-04,14.7996
1.18E-04,14.0251
1.18E-04,13.2271
1.18E-04,12.4208
1.18E-04,11.6888
1.18E-04,11.0219
1.18E-04,10.4126
1.18E-04,9.85422
1.18E-04,9.34121
1.18E-04,8.86866
1.19E-04,8.3802
1.19E-04,7.88502
1.19E-04,7.43402
1.19E-04,7.02204
1.19E-04,6.64464
1.19E-04,6.29801
1.19E-04,5.97886
1.19E-04,5.54549
1.19E-04,5.23318
1.19E-04,4.94761
1.19E-04,4.68573
1.19E-04,4.44495
1.19E-04,4.22299
1.19E-04,3.92115
1.19E-04,3.65177
1.20E-04,3.43588
1.20E-04,3.23939
1.20E-04,3.06003
1.20E-04,2.89584
1.20E-04,2.74513
1.20E-04,2.60645
1.20E-04,2.41826
1.20E-04,2.29084
1.20E-04,2.16132
1.20E-04,2.04305
1.21E-04,1.93475
1.21E-04,1.83529
1.21E-04,1.74374
1.21E-04,1.61945
1.21E-04,1.54428
1.21E-04,1.45466
1.21E-04,1.37315
1.21E-04,1.29872
1.22E-04,1.23049
1.22E-04,1.16779
1.22E-04,1.11005
1.22E-04,1.03166
1.22E-04,0.978986
1.22E-04,0.925737
1.23E-04,0.877024
1.23E-04,0.832334
1.23E-04,0.791228
1.23E-04,0.735469
1.24E-04,0.685844
1.24E-04,0.637982
1.24E-04,0.593816
1.24E-04,0.554465
1.25E-04,0.519238
1.25E-04,0.48757
1.25E-04,0.458493
1.26E-04,0.431326
1.26E-04,0.406741
1.26E-04,0.384405
1.27E-04,0.364067
1.27E-04,0.345496
1.27E-04,0.325375
1.28E-04,0.307213
1.28E-04,0.290753
1.28E-04,0.275757
1.29E-04,0.259788
1.29E-04,0.245405
1.30E-04,0.232405
1.30E-04,0.220622
1.31E-04,0.209748
1.31E-04,0.199838
1.32E-04,0.190788
1.32E-04,0.182517
1.33E-04,0.171104
1.33E-04,0.161102
1.34E-04,0.152798
1.35E-04,0.146303
1.35E-04,0.138624
1.36E-04,0.132347
1.37E-04,0.126828
1.38E-04,0.120886
1.39E-04,0.116204
1.39E-04,0.111901
1.40E-04,0.108112
1.41E-04,0.105134
1.42E-04,0.102928
1.43E-04,0.101481
1.44E-04,0.100797
1.45E-04,0.100748
1.46E-04,0.101253
1.47E-04,0.10217
1.47E-04,0.103583
1.48E-04,0.105535
1.49E-04,0.10807
1.50E-04,0.111183
1.50E-04,0.115013
1.51E-04,0.119653
1.52E-04,0.125228
1.52E-04,0.129542
1.53E-04,0.134387
1.53E-04,0.139481
1.54E-04,0.145186
1.54E-04,0.151569
1.55E-04,0.158719
1.55E-04,0.166745
1.56E-04,0.175764
1.56E-04,0.185916
1.56E-04,0.197424
1.57E-04,0.209569
1.57E-04,0.22329
1.58E-04,0.234773
1.58E-04,0.247426
1.58E-04,0.261404
1.59E-04,0.276891
1.59E-04,0.294105
1.59E-04,0.313304
1.60E-04,0.334796
1.60E-04,0.358952
1.60E-04,0.376756
1.60E-04,0.3961
1.61E-04,0.417163
1.61E-04,0.440153
1.61E-04,0.4653
1.61E-04,0.492857
1.61E-04,0.523133
1.62E-04,0.556558
1.62E-04,0.596414
1.62E-04,0.641079
1.62E-04,0.673902
1.62E-04,0.709478
1.62E-04,0.748122
1.63E-04,0.790197
1.63E-04,0.83612
1.63E-04,0.896996
1.63E-04,0.965104
1.63E-04,1.01511
1.63E-04,1.06927
1.64E-04,1.12805
1.64E-04,1.19201
1.64E-04,1.26177
1.64E-04,1.32814
1.64E-04,1.40005
1.64E-04,1.47815
1.64E-04,1.56316
1.64E-04,1.65591
1.64E-04,1.75736
1.65E-04,1.86865
1.65E-04,1.99112
1.65E-04,2.13657
1.65E-04,2.29902
1.65E-04,2.48126
1.65E-04,2.61536
1.65E-04,2.76089
1.65E-04,2.91919
1.65E-04,3.08282
1.65E-04,3.25116
1.65E-04,3.43398
1.65E-04,3.63301
1.66E-04,3.85024
1.66E-04,4.088
1.66E-04,4.34898
1.66E-04,4.63634
1.66E-04,4.90776
1.66E-04,5.28527
1.66E-04,5.56224
1.66E-04,5.86211
1.66E-04,6.18751
1.66E-04,6.54151
1.66E-04,6.92764
1.66E-04,7.35003
1.66E-04,7.92306
1.66E-04,8.3444
1.66E-04,8.80147
1.66E-04,9.29858
1.66E-04,9.84074
1.66E-04,10.4338
1.66E-04,11.0846
1.67E-04,11.7096
1.67E-04,12.6015
1.67E-04,13.2573
1.67E-04,13.9689
1.67E-04,14.7432
1.67E-04,15.5884
1.67E-04,16.5142
1.67E-04,17.5321
1.67E-04,18.5383
1.67E-04,19.6421
1.67E-04,20.8579
1.67E-04,22.2026
1.67E-04,23.6965
1.67E-04,25.3638
1.67E-04,26.7455
1.67E-04,28.2555
1.67E-04,29.3414
1.67E-04,31.4479
1.67E-04,33.1933
1.67E-04,35.099
1.67E-04,37.1836
1.67E-04,39.468
1.67E-04,41.9755
1.67E-04,44.7316
1.67E-04,47.7645
1.67E-04,51.1053
1.67E-04,54.7877
1.67E-04,57.7955
1.67E-04,61.4068
1.67E-04,65.3243
1.67E-04,69.5734
1.67E-04,74.1794
1.67E-04,79.17
1.67E-04,84.5719
1.67E-04,90.4143
1.67E-04,96.2019
1.67E-04,104.812
1.67E-04,114.263
1.67E-04,124.608
1.67E-04,135.895
1.67E-04,148.169
1.67E-04,159.937
1.67E-04,172.532
1.67E-04,185.966
1.67E-04,205.545
1.67E-04,227.808
1.67E-04,251.703
1.68E-04,270.625
1.68E-04,297.061
1.68E-04,338.836
1.68E-04,454.901
1.68E-04,496.112
1.68E-04,521.575
1.68E-04,544.85
1.68E-04,565.459
1.68E-04,582.968
1.68E-04,596.991
1.68E-04,606.372
1.68E-04,611.986
1.68E-04,615.07
1.68E-04,615.431
1.68E-04,614.332
1.68E-04,609.203
1.68E-04,598.862
1.68E-04,585.423
1.68E-04,568.45
1.68E-04,548.316
1.68E-04,525.45
1.68E-04,487.065
1.68E-04,445.265
1.68E-04,343.58
1.68E-04,301.617
1.68E-04,268.551
1.68E-04,243.658
1.68E-04,220.319
1.68E-04,203.896
1.68E-04,183.975
1.68E-04,171.6
1.68E-04,159.945
1.68E-04,145.974
1.68E-04,134.16
1.68E-04,123.279
1.68E-04,113.286
1.69E-04,104.138
1.69E-04,96.3386
1.69E-04,90.2083
1.69E-04,84.5213
1.69E-04,79.2514
1.69E-04,74.3725
1.69E-04,69.8596
1.69E-04,65.687
1.69E-04,61.8312
1.69E-04,58.2691
1.69E-04,54.9786
1.69E-04,50.9781
1.69E-04,47.641
1.69E-04,44.6109
1.69E-04,41.857
1.69E-04,39.3513
1.69E-04,37.0682
1.69E-04,34.9847
1.69E-04,33.0799
1.69E-04,31.3353
1.69E-04,29.2297
1.69E-04,27.3448
1.69E-04,25.7517
1.69E-04,24.3056
1.69E-04,22.9885
1.69E-04,21.7849
1.69E-04,20.3341
1.69E-04,19.0351
1.69E-04,17.8663
1.69E-04,16.8097
1.69E-04,15.8505
1.69E-04,14.8106
1.69E-04,13.8754
1.69E-04,13.0307
1.69E-04,12.2644
1.69E-04,11.5666
1.69E-04,10.9291
1.69E-04,10.3447
1.69E-04,9.80759
1.69E-04,9.17543
1.70E-04,8.60419
1.70E-04,8.08606
1.70E-04,7.61447
1.70E-04,7.18389
1.70E-04,6.78959
1.70E-04,6.42753
1.70E-04,6.09421
1.70E-04,5.70175
1.70E-04,5.34661
1.70E-04,5.02415
1.70E-04,4.73041
1.70E-04,4.46206
1.70E-04,4.2162
1.70E-04,3.99039
1.70E-04,3.78246
1.70E-04,3.56763
1.70E-04,3.37081
1.70E-04,3.19002
1.71E-04,3.02357
1.71E-04,2.86995
1.71E-04,2.66083
1.71E-04,2.47401
1.71E-04,2.32418
1.71E-04,2.18774
1.71E-04,2.06312
1.71E-04,1.94899
1.71E-04,1.84419
1.71E-04,1.74769
1.71E-04,1.65863
1.72E-04,1.57626
1.72E-04,1.48774
1.72E-04,1.40654
1.72E-04,1.33188
1.72E-04,1.26307
1.72E-04,1.19953
1.72E-04,1.11295
1.72E-04,1.03553
1.73E-04,0.975509
1.73E-04,0.920634
1.73E-04,0.87033
1.73E-04,0.824101
1.73E-04,0.781519
1.73E-04,0.742209
1.73E-04,0.688672
1.74E-04,0.65101
1.74E-04,0.611702
1.74E-04,0.575923
1.74E-04,0.543271
1.74E-04,0.513408
1.74E-04,0.486024
1.75E-04,0.460824
1.75E-04,0.43756
1.75E-04,0.41432
1.75E-04,0.391351
1.75E-04,0.370295
1.76E-04,0.350945
1.76E-04,0.333122
1.76E-04,0.30891
1.77E-04,0.287334
1.77E-04,0.273329
1.77E-04,0.259533
1.77E-04,0.240796
1.78E-04,0.224101
1.78E-04,0.209161
1.78E-04,0.195736
1.79E-04,0.185762
1.79E-04,0.17497
1.79E-04,0.165196
1.80E-04,0.158796
1.80E-04,0.155465
1.80E-04,0.154222
1.80E-04,41.1064
1.83E-04,40.6893
1.85E-04,40.2663
1.88E-04,39.8374
1.90E-04,39.4639
1.93E-04,39.0615
1.95E-04,38.6533
1.98E-04,38.2394
2.00E-04,37.9625
2.03E-04,37.5775
2.06E-04,37.187
2.09E-04,36.7911
2.12E-04,36.3895
2.13E-04,36.2568
2.15E-04,35.8869
2.19E-04,35.5118
2.22E-04,35.1314
2.25E-04,34.7456
2.25E-04,34.7146
2.28E-04,34.3585
2.31E-04,33.9974
2.35E-04,33.6312
2.38E-04,33.3124
2.41E-04,32.969
2.44E-04,32.6208
2.48E-04,32.2677
2.50E-04,32.0314
2.54E-04,31.6997
2.57E-04,31.3634
2.61E-04,31.0223
2.63E-04,30.8559
2.66E-04,30.5351
2.70E-04,30.2097
2.74E-04,29.8797
2.75E-04,29.773
2.79E-04,29.4622
2.83E-04,29.147
2.87E-04,28.8273
2.88E-04,28.7716
2.92E-04,28.4702
2.96E-04,28.1645
3.00E-04,27.8545
3.00E-04,27.8426
3.04E-04,27.5499
3.09E-04,27.2531
3.13E-04,26.9782
3.17E-04,26.6937
3.21E-04,26.4052
3.25E-04,26.1715
3.30E-04,25.9033
3.34E-04,25.6313
3.39E-04,25.3554
3.44E-04,25.0757
3.49E-04,24.792
3.50E-04,24.7091
3.55E-04,24.4539
3.60E-04,24.1951
3.65E-04,23.9327
3.70E-04,23.6666
3.75E-04,23.4172
3.80E-04,23.1738
3.86E-04,22.9269
3.91E-04,22.6765
3.97E-04,22.4226
4.00E-04,22.2668
4.06E-04,22.034
4.11E-04,21.7978
4.17E-04,21.5583
4.23E-04,21.3154
4.25E-04,21.2352
4.31E-04,21.0119
4.37E-04,20.7854
4.43E-04,20.5558
4.49E-04,20.3229
4.50E-04,20.3042
4.56E-04,20.0896
4.63E-04,19.872
4.69E-04,19.6514
4.75E-04,19.4593
4.82E-04,19.2528
4.88E-04,19.0433
4.95E-04,18.8309
5.00E-04,18.6888
5.07E-04,18.4896
5.14E-04,18.2877
5.21E-04,18.0828
5.25E-04,17.983
5.32E-04,17.7906
5.40E-04,17.5955
5.48E-04,17.3977
5.50E-04,17.3337
5.58E-04,17.1476
5.66E-04,16.959
5.74E-04,16.7676
5.75E-04,16.7343
5.83E-04,16.5541
5.91E-04,16.3713
6.00E-04,16.186
6.00E-04,16.179
6.08E-04,16.0042
6.17E-04,15.8271
6.25E-04,15.6629
6.34E-04,15.4933
6.43E-04,15.3213
6.50E-04,15.1821
6.59E-04,15.0225
6.68E-04,14.8606
6.78E-04,14.6965
6.87E-04,14.5301
6.97E-04,14.3613
7.00E-04,14.3119
7.10E-04,14.1604
7.20E-04,14.0069
7.30E-04,13.8511
7.40E-04,13.6931
7.50E-04,13.5451
7.61E-04,13.4009
7.71E-04,13.2547
7.82E-04,13.1064
7.93E-04,12.9561
8.00E-04,12.8638
8.11E-04,12.7262
8.23E-04,12.5866
8.34E-04,12.4451
8.46E-04,12.3015
8.50E-04,12.2541
8.62E-04,12.1224
8.74E-04,11.9888
8.86E-04,11.8534
8.99E-04,11.716
9.00E-04,11.705
9.13E-04,11.5787
9.26E-04,11.4506
9.39E-04,11.3207
9.50E-04,11.2076
9.63E-04,11.0862
9.77E-04,10.9631
9.91E-04,10.8383
1.00E-03,10.7548
1.01E-03,10.64
1.03E-03,10.5235
1.04E-03,10.4054
1.06E-03,10.2856
1.07E-03,10.1824
1.09E-03,10.0731
1.10E-03,9.96229
1.12E-03,9.8499
1.13E-03,9.73593
1.14E-03,9.67353
1.16E-03,9.56926
1.17E-03,9.46352
1.19E-03,9.35629
1.21E-03,9.24755
1.21E-03,9.21794
1.23E-03,9.11821
1.25E-03,9.01708
1.26E-03,8.91451
1.28E-03,8.8105
1.28E-03,8.80749
1.30E-03,8.7119
1.32E-03,8.61495
1.34E-03,8.51664
1.35E-03,8.43564
1.37E-03,8.34382
1.39E-03,8.25071
1.41E-03,8.15628
1.42E-03,8.09707
1.44E-03,8.00872
1.46E-03,7.91913
1.48E-03,7.82827
1.49E-03,7.7874
1.51E-03,7.70225
1.53E-03,7.6159
1.56E-03,7.52834
1.56E-03,7.50301
1.58E-03,7.42082
1.61E-03,7.33747
1.63E-03,7.25295
1.63E-03,7.24086
1.66E-03,7.16141
1.68E-03,7.08085
1.70E-03,6.99915
1.70E-03,6.99837
1.73E-03,6.92149
1.75E-03,6.84352
1.77E-03,6.77338
1.80E-03,6.69888
1.82E-03,6.62333
1.84E-03,6.56402
1.87E-03,6.49409
1.90E-03,6.42317
1.92E-03,6.35125
1.95E-03,6.27831
1.98E-03,6.20435
1.98E-03,6.18595
2.01E-03,6.11981
2.04E-03,6.05273
2.07E-03,5.98471
2.10E-03,5.91573
2.13E-03,5.85371
2.15E-03,5.79094
2.19E-03,5.72729
2.22E-03,5.66274
2.25E-03,5.59727
2.27E-03,5.55929
2.30E-03,5.49955
2.33E-03,5.43896
2.36E-03,5.37753
2.40E-03,5.31522
2.41E-03,5.29646
2.44E-03,5.23945
2.47E-03,5.18164
2.51E-03,5.12302
2.54E-03,5.06356
2.55E-03,5.06032
2.58E-03,5.00579
2.62E-03,4.95049
2.66E-03,4.89442
2.69E-03,4.84692
2.73E-03,4.79465
2.76E-03,4.74165
2.80E-03,4.68789
2.83E-03,4.65307
2.87E-03,4.60287
2.91E-03,4.55197
2.95E-03,4.50034
2.97E-03,4.47615
3.01E-03,4.42786
3.05E-03,4.37889
3.10E-03,4.32922
3.11E-03,4.31401
3.15E-03,4.26747
3.20E-03,4.22028
3.24E-03,4.17242
3.25E-03,4.16483
3.30E-03,4.11992
3.34E-03,4.07437
3.39E-03,4.02818
3.39E-03,4.02708
3.44E-03,3.98368
3.49E-03,3.93967
3.53E-03,3.89949
3.58E-03,3.85749
3.63E-03,3.8149
3.67E-03,3.78094
3.72E-03,3.74026
3.78E-03,3.69899
3.81E-03,3.67049
3.87E-03,3.63229
3.92E-03,3.59355
3.98E-03,3.55426
4.03E-03,3.51441
4.09E-03,3.47401
4.09E-03,3.47073
4.15E-03,3.43461
4.21E-03,3.39798
4.27E-03,3.36083
4.33E-03,3.32316
4.38E-03,3.29483
4.44E-03,3.26057
4.50E-03,3.22582
4.56E-03,3.19058
4.63E-03,3.15484
4.66E-03,3.1387
4.72E-03,3.10609
4.79E-03,3.07303
4.86E-03,3.0395
4.92E-03,3.00549
4.94E-03,2.9991
5.01E-03,2.968
5.08E-03,2.93645
5.15E-03,2.90445
5.22E-03,2.8735
5.29E-03,2.84375
5.37E-03,2.81357
5.44E-03,2.78297
5.50E-03,2.75984
5.58E-03,2.73132
5.66E-03,2.7024
5.74E-03,2.67306
5.78E-03,2.65646
5.86E-03,2.62907
5.95E-03,2.60128
6.03E-03,2.57311
6.06E-03,2.56199
6.15E-03,2.53563
6.23E-03,2.50889
6.32E-03,2.48178
6.34E-03,2.4753
6.43E-03,2.44988
6.52E-03,2.42411
6.62E-03,2.39798
6.63E-03,2.39543
6.72E-03,2.3709
6.81E-03,2.34601
6.91E-03,2.3216
7.00E-03,2.29788
7.10E-03,2.27382
7.19E-03,2.25312
7.29E-03,2.23092
7.39E-03,2.2084
7.50E-03,2.18557
7.60E-03,2.16242
7.71E-03,2.13894
7.75E-03,2.12997
7.86E-03,2.10903
7.97E-03,2.0878
8.08E-03,2.06626
8.20E-03,2.04443
8.31E-03,2.02228
8.31E-03,2.02225
8.43E-03,2.00242
8.55E-03,1.98231
8.67E-03,1.96192
8.79E-03,1.94123
8.88E-03,1.92714
9.00E-03,1.90829
9.13E-03,1.88917
9.26E-03,1.86979
9.39E-03,1.85013
9.44E-03,1.84246
9.57E-03,1.82449
9.71E-03,1.80627
9.84E-03,1.78778
9.98E-03,1.76904
1.00E-02,1.76654
1.01E-02,1.74944
1.03E-02,1.7321
1.04E-02,1.71452
1.06E-02,1.69669
1.06E-02,1.6908
1.08E-02,1.67447
1.09E-02,1.65792
1.11E-02,1.64113
1.12E-02,1.62411
1.13E-02,1.62274
1.14E-02,1.60711
1.16E-02,1.59127
1.17E-02,1.57519
1.19E-02,1.5612
1.20E-02,1.54621
1.22E-02,1.531
1.24E-02,1.51558
1.25E-02,1.50526
1.27E-02,1.49083
1.29E-02,1.4762
1.30E-02,1.46137
1.31E-02,1.45413
1.33E-02,1.44023
1.35E-02,1.42613
1.37E-02,1.41183
1.38E-02,1.4072
1.39E-02,1.39378
1.41E-02,1.38016
1.43E-02,1.36636
1.44E-02,1.36395
1.46E-02,1.35096
1.48E-02,1.3378
1.50E-02,1.32444
1.50E-02,1.32393
1.52E-02,1.31179
1.54E-02,1.29947
1.56E-02,1.28698
1.59E-02,1.27432
1.61E-02,1.26147
1.63E-02,1.2522
1.65E-02,1.24073
1.67E-02,1.22909
1.69E-02,1.2173
1.72E-02,1.20533
1.74E-02,1.1932
1.75E-02,1.18965
1.77E-02,1.17877
1.80E-02,1.16774
1.83E-02,1.15655
1.85E-02,1.1452
1.88E-02,1.13456
1.90E-02,1.12421
1.93E-02,1.1137
1.96E-02,1.10305
1.98E-02,1.09225
2.00E-02,1.08562
2.03E-02,1.07572
2.06E-02,1.06569
2.09E-02,1.05551
2.12E-02,1.04519
2.13E-02,1.04178
2.15E-02,1.0323
2.19E-02,1.02269
2.22E-02,1.01295
2.25E-02,1.00307
2.25E-02,1.00227
2.28E-02,0.99318
2.31E-02,0.983959
2.35E-02,0.974608
2.38E-02,0.966467
2.41E-02,0.957724
2.44E-02,0.948858
2.48E-02,0.939867
2.50E-02,0.933851
2.54E-02,0.92543
2.57E-02,0.916889
2.61E-02,0.908228
2.63E-02,0.904005
2.66E-02,0.89588
2.70E-02,0.887641
2.74E-02,0.879285
2.75E-02,0.876582
2.79E-02,0.868733
2.83E-02,0.860773
2.87E-02,0.852701
2.88E-02,0.851294
2.92E-02,0.843701
2.96E-02,0.836002
3.00E-02,0.828195
3.00E-02,0.827897
3.04E-02,0.820794
3.09E-02,0.813591
3.13E-02,0.806286
3.17E-02,0.798879
3.22E-02,0.791367
3.25E-02,0.785943
3.30E-02,0.779248
3.34E-02,0.772458
3.39E-02,0.765573
3.44E-02,0.75859
3.49E-02,0.751509
3.50E-02,0.749438
3.55E-02,0.743108
3.60E-02,0.736689
3.65E-02,0.730179
3.70E-02,0.723577
3.75E-02,0.71739
3.80E-02,0.71139
3.86E-02,0.705305
3.91E-02,0.699135
3.97E-02,0.692877
4.00E-02,0.689038
4.06E-02,0.683328
4.11E-02,0.677537
4.17E-02,0.671664
4.23E-02,0.665709
4.26E-02,0.662982
4.32E-02,0.657554
4.38E-02,0.652048
4.44E-02,0.646466
4.50E-02,0.640804
4.52E-02,0.63971
4.58E-02,0.634539
4.64E-02,0.629295
4.71E-02,0.623978
4.77E-02,0.618807
5.03E-02,0.599939
5.03E-02,0.600545
6.00E-02,0.493937
7.00E-02,0.436931
8.00E-02,0.396991
9.00E-02,0.366405
1.00E-01,0.342061
1.50E-01,0.248148
2.00E-01,0.187796
2.50E-01,0.144999
3.00E-01,0.128875
4.00E-01,0.107316
5.44E-01,0.0945725
6.04E-01,0.0891858
7.00E-01,0.0826198
8.00E-01,0.0792709
9.13E-01,0.0715086
1.00E+00,0.0659671
1.10E+00,0.0630806
1.20E+00,0.0592807
1.33E+00,0.0569807
1.40E+00,0.0558222
1.50E+00,0.051162
1.70E+00,0.0480548
1.80E+00,0.0461028
1.90E+00,0.0412469
2.50E+00,0.0302467
3.00E+00,0.0229047
3.50E+00,0.0172788
4.00E+00,0.0126771
5.00E+00,0.00642821
6.00E+00,0.00316665
7.00E+00,0.00147758
8.00E+00,0.000894805
9.00E+00,0.000714737
1.01E+01,0.000848129
1.10E+01,0.000957801
1.20E+01,0.00101103
1.30E+01,0.00100202
1.40E+01,0.000931499
1.45E+01,0.000869708
1.50E+01,0.000787651
1.60E+01,0.000608525
1.70E+01,0.000452154
1.80E+01,0.000334731
1.90E+01,0.000249869
2.00E+01,0.000192211
