4.0000000000000004e-11,62.3868
6.999999999999999e-11,62.3868
6.999999999999999e-11,62.377
1e-10,62.377
1e-10,62.3763
2.33333e-10,62.3763
2.33333e-10,62.4126
3.6666699999999996e-10,62.4126
3.6666699999999996e-10,62.3989
5e-10,62.3989
5e-10,62.4394
5.83333e-10,62.4394
5.83333e-10,62.4404
6.66667e-10,62.4404
6.66667e-10,62.2699
7.5e-10,62.2699
7.5e-10,62.4218
8.33333e-10,62.4218
8.33333e-10,62.3542
9.16667e-10,62.3542
9.16667e-10,62.4559
1e-09,62.4559
1e-09,62.3983
1.06667e-09,62.3983
1.06667e-09,62.4795
1.13333e-09,62.4795
1.13333e-09,62.4319
1.1999999999999998e-09,62.4319
1.1999999999999998e-09,62.462
1.2999999999999999e-09,62.462
1.2999999999999999e-09,62.2962
1.4e-09,62.2962
1.4e-09,62.2626
1.5e-09,62.2626
1.5e-09,62.4231
1.66667e-09,62.4231
1.66667e-09,62.3541
1.83333e-09,62.3541
1.83333e-09,62.4536
2e-09,62.4536
2e-09,62.4096
2.16667e-09,62.4096
2.16667e-09,62.4669
2.3333300000000003e-09,62.4669
2.3333300000000003e-09,62.447
2.5e-09,62.447
2.5e-09,62.4072
2.66667e-09,62.4072
2.66667e-09,62.255
2.8333299999999998e-09,62.255
2.8333299999999998e-09,62.2699
3e-09,62.2699
3e-09,62.4222
3.3333299999999997e-09,62.4222
3.3333299999999997e-09,62.3536
3.6666699999999997e-09,62.3536
3.6666699999999997e-09,62.4508
4e-09,62.4508
4e-09,62.4098
4.33333e-09,62.4098
4.33333e-09,62.463
4.66667e-09,62.463
4.66667e-09,62.4474
5e-09,62.4474
5e-09,62.3094
5.83333e-09,62.3094
5.83333e-09,62.3939
6.66667e-09,62.3939
6.66667e-09,62.3741
7.5e-09,62.3741
7.5e-09,62.4177
8.33333e-09,62.4177
8.33333e-09,62.4549
9.16667e-09,62.4549
9.16667e-09,62.4393
1e-08,62.4393
1e-08,62.3548
1.51e-08,62.3548
1.51e-08,62.4299
2.02e-08,62.4299
2.02e-08,62.3151
2.5299999999999998e-08,62.3151
2.5299999999999998e-08,62.3772
2.68667e-08,62.3772
2.68667e-08,62.3154
2.84333e-08,62.3154
2.84333e-08,62.4046
3e-08,62.4046
3e-08,62.396
3.33333e-08,62.396
3.33333e-08,62.4323
3.6666700000000004e-08,62.4323
3.6666700000000004e-08,62.415
4e-08,62.415
4e-08,62.3373
4.33333e-08,62.3373
4.33333e-08,62.2079
4.6666699999999994e-08,62.2079
4.6666699999999994e-08,62.3346
5e-08,62.3346
5e-08,62.3791
5.3333299999999995e-08,62.3791
5.3333299999999995e-08,62.2912
5.66667e-08,62.2912
5.66667e-08,62.3746
6e-08,62.3746
6e-08,62.3988
6.333329999999999e-08,62.3988
6.333329999999999e-08,62.335
6.66667e-08,62.335
6.66667e-08,62.3935
7e-08,62.3935
7e-08,62.4075
7.33333e-08,62.4075
7.33333e-08,62.3587
7.66667e-08,62.3587
7.66667e-08,62.4017
8e-08,62.4017
8e-08,62.3646
8.33333e-08,62.3646
8.33333e-08,62.232
8.66667e-08,62.232
8.66667e-08,62.1671
9e-08,62.1671
9e-08,62.1671
9.33333e-08,62.1671
9.33333e-08,62.2293
9.666669999999999e-08,62.2293
9.666669999999999e-08,62.352
1e-07,62.352
1e-07,62.3136
1.08333e-07,62.3136
1.08333e-07,62.2538
1.16667e-07,62.2538
1.16667e-07,62.3386
1.25e-07,62.3386
1.25e-07,62.1664
1.33333e-07,62.1664
1.33333e-07,62.127
1.41667e-07,62.127
1.41667e-07,62.26
1.5e-07,62.26
1.5e-07,62.2909
1.58333e-07,62.2909
1.58333e-07,62.1887
1.66667e-07,62.1887
1.66667e-07,62.2055
1.75e-07,62.2055
1.75e-07,62.3067
1.83333e-07,62.3067
1.83333e-07,62.2429
1.91667e-07,62.2429
1.91667e-07,62.2014
2e-07,62.2014
2e-07,62.243
2.08333e-07,62.243
2.08333e-07,62.28
2.16667e-07,62.28
2.16667e-07,62.213
2.25e-07,62.213
2.25e-07,62.2042
2.33333e-07,62.2042
2.33333e-07,62.2513
2.41667e-07,62.2513
2.41667e-07,62.1751
2.5e-07,62.1751
2.5e-07,62.0599
2.58333e-07,62.0599
2.58333e-07,61.991
2.6666699999999996e-07,61.991
2.6666699999999996e-07,61.9664
2.75e-07,61.9664
2.75e-07,61.9846
2.83333e-07,61.9846
2.83333e-07,62.0443
2.91667e-07,62.0443
2.91667e-07,62.1445
3e-07,62.1445
3e-07,62.1626
3.08333e-07,62.1626
3.08333e-07,62.0922
3.1666699999999996e-07,62.0922
3.1666699999999996e-07,62.0526
3.25e-07,62.0526
3.25e-07,62.0429
3.3333299999999996e-07,62.0429
3.3333299999999996e-07,62.0621
3.41667e-07,62.0621
3.41667e-07,62.1096
3.5e-07,62.1096
3.5e-07,62.1073
3.58333e-07,62.1073
3.58333e-07,62.0516
3.66667e-07,62.0516
3.66667e-07,62.0186
3.75e-07,62.0186
3.75e-07,62.0079
3.8333299999999996e-07,62.0079
3.8333299999999996e-07,62.0188
3.91667e-07,62.0188
3.91667e-07,62.0509
4e-07,62.0509
4e-07,61.9782
4.16667e-07,61.9782
4.16667e-07,61.8309
4.33333e-07,61.8309
4.33333e-07,61.7483
4.5e-07,61.7483
4.5e-07,61.7271
4.6666699999999995e-07,61.7271
4.6666699999999995e-07,61.7648
4.83333e-07,61.7648
4.83333e-07,61.8594
5e-07,61.8594
5e-07,61.8629
5.16667e-07,61.8629
5.16667e-07,61.7666
5.333329999999999e-07,61.7666
5.333329999999999e-07,61.7125
5.5e-07,61.7125
5.5e-07,61.6992
5.666670000000001e-07,61.6992
5.666670000000001e-07,61.7251
5.833329999999999e-07,61.7251
5.833329999999999e-07,61.7564
6e-07,61.7564
6e-07,61.7043
6.08333e-07,61.7043
6.08333e-07,61.6704
6.166669999999999e-07,61.6704
6.166669999999999e-07,61.6443
6.249999999999999e-07,61.6443
6.249999999999999e-07,61.6257
6.33333e-07,61.6257
6.33333e-07,61.6146
6.41667e-07,61.6146
6.41667e-07,61.6108
6.5e-07,61.6108
6.5e-07,61.6195
6.666669999999999e-07,61.6195
6.666669999999999e-07,61.5996
6.833329999999999e-07,61.5996
6.833329999999999e-07,61.4913
7e-07,61.4913
7e-07,61.4028
7.16667e-07,61.4028
7.16667e-07,61.3366
7.33333e-07,61.3366
7.33333e-07,61.292
7.5e-07,61.292
7.5e-07,61.2683
7.666669999999999e-07,61.2683
7.666669999999999e-07,61.2651
7.833329999999999e-07,61.2651
7.833329999999999e-07,61.2816
8e-07,61.2816
8e-07,61.3176
8.16667e-07,61.3176
8.16667e-07,61.3224
8.33333e-07,61.3224
8.33333e-07,61.2405
8.499999999999999e-07,61.2405
8.499999999999999e-07,61.1709
8.666669999999999e-07,61.1709
8.666669999999999e-07,61.1162
8.83333e-07,61.1162
8.83333e-07,61.0761
9e-07,61.0761
9e-07,61.0549
9.083329999999999e-07,61.0549
9.083329999999999e-07,61.0455
9.16667e-07,61.0455
9.16667e-07,61.0394
9.25e-07,61.0394
9.25e-07,61.0368
9.333329999999999e-07,61.0368
9.333329999999999e-07,61.0375
9.41667e-07,61.0375
9.41667e-07,61.0416
9.499999999999999e-07,61.0416
9.499999999999999e-07,61.0489
9.583329999999999e-07,61.0489
9.583329999999999e-07,61.0385
9.66667e-07,61.0385
9.66667e-07,60.9875
9.75e-07,60.9875
9.75e-07,60.9379
9.83333e-07,60.9379
9.83333e-07,60.8911
9.91667e-07,60.8911
9.91667e-07,60.8469
1e-06,60.8469
1e-06,60.8175
1.00333e-06,60.8175
1.00333e-06,60.8013
1.0066699999999998e-06,60.8013
1.0066699999999998e-06,60.7856
1.0099999999999999e-06,60.7856
1.0099999999999999e-06,60.7703
1.01333e-06,60.7703
1.01333e-06,60.7553
1.01667e-06,60.7553
1.01667e-06,60.7408
1.02e-06,60.7408
1.02e-06,60.7267
1.02333e-06,60.7267
1.02333e-06,60.713
1.0266699999999999e-06,60.713
1.0266699999999999e-06,60.6997
1.0299999999999999e-06,60.6997
1.0299999999999999e-06,60.6868
1.0333300000000001e-06,60.6868
1.0333300000000001e-06,60.6743
1.03667e-06,60.6743
1.03667e-06,60.6622
1.04e-06,60.6622
1.04e-06,60.6505
1.04333e-06,60.6505
1.04333e-06,60.6392
1.0466699999999999e-06,60.6392
1.0466699999999999e-06,60.6283
1.05e-06,60.6283
1.05e-06,60.6177
1.0533300000000001e-06,60.6177
1.0533300000000001e-06,60.6076
1.05667e-06,60.6076
1.05667e-06,60.5978
1.06e-06,60.5978
1.06e-06,60.5885
1.06333e-06,60.5885
1.06333e-06,60.5795
1.06667e-06,60.5795
1.06667e-06,60.5709
1.07e-06,60.5709
1.07e-06,60.5627
1.07333e-06,60.5627
1.07333e-06,60.5548
1.07667e-06,60.5548
1.07667e-06,60.5473
1.08e-06,60.5473
1.08e-06,60.5402
1.0833299999999998e-06,60.5402
1.0833299999999998e-06,60.5335
1.08667e-06,60.5335
1.08667e-06,60.5271
1.09e-06,60.5271
1.09e-06,60.5211
1.09333e-06,60.5211
1.09333e-06,60.5155
1.09667e-06,60.5155
1.09667e-06,60.5103
1.1e-06,60.5103
1.1e-06,60.5054
1.1033299999999999e-06,60.5054
1.1033299999999999e-06,60.5008
1.10667e-06,60.5008
1.10667e-06,60.4967
1.11e-06,60.4967
1.11e-06,60.4928
1.11333e-06,60.4928
1.11333e-06,60.4894
1.11667e-06,60.4894
1.11667e-06,60.4863
1.12e-06,60.4863
1.12e-06,60.4835
1.1233299999999999e-06,60.4835
1.1233299999999999e-06,60.4812
1.12667e-06,60.4812
1.12667e-06,60.4791
1.1299999999999998e-06,60.4791
1.1299999999999998e-06,60.4774
1.13333e-06,60.4774
1.13333e-06,60.4761
1.13667e-06,60.4761
1.13667e-06,60.4751
1.1399999999999999e-06,60.4751
1.1399999999999999e-06,60.4744
1.14333e-06,60.4744
1.14333e-06,60.4741
1.14667e-06,60.4741
1.14667e-06,60.4742
1.1499999999999998e-06,60.4742
1.1499999999999998e-06,60.4752
1.15833e-06,60.4752
1.15833e-06,60.4782
1.16667e-06,60.4782
1.16667e-06,60.4834
1.175e-06,60.4834
1.175e-06,60.4907
1.18333e-06,60.4907
1.18333e-06,60.4991
1.19167e-06,60.4991
1.19167e-06,60.4761
1.2e-06,60.4761
1.2e-06,60.4387
1.20833e-06,60.4387
1.20833e-06,60.403
1.21667e-06,60.403
1.21667e-06,60.369
1.2250000000000001e-06,60.369
1.2250000000000001e-06,60.3368
1.2333299999999999e-06,60.3368
1.2333299999999999e-06,60.3063
1.24167e-06,60.3063
1.24167e-06,60.2774
1.2499999999999999e-06,60.2774
1.2499999999999999e-06,60.2375
1.2666699999999999e-06,60.2375
1.2666699999999999e-06,60.1897
1.28333e-06,60.1897
1.28333e-06,60.1483
1.3e-06,60.1483
1.3e-06,60.1131
1.31667e-06,60.1131
1.31667e-06,60.0841
1.3333299999999998e-06,60.0841
1.3333299999999998e-06,60.0612
1.35e-06,60.0612
1.35e-06,60.0382
1.36667e-06,60.0382
1.36667e-06,59.9658
1.38333e-06,59.9658
1.38333e-06,59.8852
1.4e-06,59.8852
1.4e-06,59.8096
1.41667e-06,59.8096
1.41667e-06,59.7389
1.4333299999999999e-06,59.7389
1.4333299999999999e-06,59.6732
1.4499999999999999e-06,59.6732
1.4499999999999999e-06,59.6122
1.4666699999999999e-06,59.6122
1.4666699999999999e-06,59.5558
1.48333e-06,59.5558
1.48333e-06,59.504
1.5e-06,59.504
1.5e-06,59.4394
1.53e-06,59.4394
1.53e-06,59.3683
1.5599999999999999e-06,59.3683
1.5599999999999999e-06,59.3109
1.59e-06,59.3109
1.59e-06,59.2666
1.62e-06,59.2666
1.62e-06,59.1766
1.6499999999999999e-06,59.1766
1.6499999999999999e-06,59.0397
1.6799999999999998e-06,59.0397
1.6799999999999998e-06,58.9138
1.71e-06,58.9138
1.71e-06,58.7984
1.7399999999999999e-06,58.7984
1.7399999999999999e-06,58.6934
1.77e-06,58.6934
1.77e-06,58.5982
1.8e-06,58.5982
1.8e-06,58.5126
1.83e-06,58.5126
1.83e-06,58.4364
1.86e-06,58.4364
1.86e-06,58.357
1.8866699999999999e-06,58.357
1.8866699999999999e-06,58.2301
1.91333e-06,58.2301
1.91333e-06,58.104
1.94e-06,58.104
1.94e-06,57.9985
1.96e-06,57.9985
1.96e-06,57.912
1.98e-06,57.912
1.98e-06,57.8287
2e-06,57.8287
2e-06,57.7103
2.04e-06,57.7103
2.04e-06,57.5629
2.08e-06,57.5629
2.08e-06,57.4275
2.12e-06,57.4275
2.12e-06,57.3184
2.1499999999999997e-06,57.3184
2.1499999999999997e-06,57.1873
2.18e-06,57.1873
2.18e-06,57.0174
2.21e-06,57.0174
2.21e-06,56.8534
2.24e-06,56.8534
2.24e-06,56.6949
2.27e-06,56.6949
2.27e-06,56.542
2.2999999999999996e-06,56.542
2.2999999999999996e-06,56.4023
2.32667e-06,56.4023
2.32667e-06,56.2751
2.35333e-06,56.2751
2.35333e-06,56.1519
2.3799999999999997e-06,56.1519
2.3799999999999997e-06,56.0252
2.4100000000000002e-06,56.0252
2.4100000000000002e-06,55.8956
2.44e-06,55.8956
2.44e-06,55.7707
2.47e-06,55.7707
2.47e-06,55.6436
2.50333e-06,55.6436
2.50333e-06,55.5151
2.53667e-06,55.5151
2.53667e-06,55.3918
2.5699999999999995e-06,55.3918
2.5699999999999995e-06,55.2368
2.60333e-06,55.2368
2.60333e-06,55.0501
2.63667e-06,55.0501
2.63667e-06,54.8683
2.67e-06,54.8683
2.67e-06,54.6913
2.7033299999999996e-06,54.6913
2.7033299999999996e-06,54.5188
2.73667e-06,54.5188
2.73667e-06,54.3507
2.7699999999999997e-06,54.3507
2.7699999999999997e-06,54.1766
2.80333e-06,54.1766
2.80333e-06,53.9762
2.8366699999999995e-06,53.9762
2.8366699999999995e-06,53.7782
2.87e-06,53.7782
2.87e-06,53.5844
2.9033299999999998e-06,53.5844
2.9033299999999998e-06,53.3946
2.9366699999999998e-06,53.3946
2.9366699999999998e-06,53.2087
2.97e-06,53.2087
2.97e-06,53.0899
2.98e-06,53.0899
2.98e-06,53.028
2.99e-06,53.028
2.99e-06,52.9588
3e-06,52.9588
3e-06,52.8672
3.01667e-06,52.8672
3.01667e-06,52.7536
3.03333e-06,52.7536
3.03333e-06,52.6409
3.0499999999999996e-06,52.6409
3.0499999999999996e-06,52.4739
3.08333e-06,52.4739
3.08333e-06,52.2545
3.1166699999999998e-06,52.2545
3.1166699999999998e-06,52.0387
3.15e-06,52.0387
3.15e-06,51.5681
3.26667e-06,51.5681
3.26667e-06,50.7939
3.38333e-06,50.7939
3.38333e-06,49.9498
3.5e-06,49.9498
3.5e-06,49.2433
3.57667e-06,49.2433
3.57667e-06,48.6366
3.65333e-06,48.6366
3.65333e-06,48.0236
3.73e-06,48.0236
3.73e-06,47.2891
3.82e-06,47.2891
3.82e-06,46.5171
3.91e-06,46.5171
3.91e-06,45.7345
4e-06,45.7345
4e-06,44.0855
4.25e-06,44.0855
4.25e-06,41.4351
4.5e-06,41.4351
4.5e-06,38.4227
4.749999999999999e-06,38.4227
4.749999999999999e-06,36.2227
4.8333299999999995e-06,36.2227
4.8333299999999995e-06,35.0554
4.9166699999999995e-06,35.0554
4.9166699999999995e-06,33.8241
4.9999999999999996e-06,33.8241
4.9999999999999996e-06,32.13
5.13333e-06,32.13
5.13333e-06,29.9219
5.26667e-06,29.9219
5.26667e-06,27.5627
5.4e-06,27.5627
5.4e-06,24.3262
5.6e-06,24.3262
5.6e-06,20.1149
5.7999999999999995e-06,20.1149
5.7999999999999995e-06,15.5223
6e-06,15.5223
6e-06,12.2336
6.08333e-06,12.2336
6.08333e-06,10.2028
6.166669999999999e-06,10.2028
6.166669999999999e-06,8.19857
6.2499999999999995e-06,8.19857
6.2499999999999995e-06,6.25397
6.3333299999999996e-06,6.25397
6.3333299999999996e-06,4.45914
6.4166699999999995e-06,4.45914
6.4166699999999995e-06,2.92646
6.5e-06,2.92646
6.5e-06,1.90104
6.58333e-06,1.90104
6.58333e-06,3.28804
6.66667e-06,3.28804
6.66667e-06,3.33157
6.75e-06,3.33157
6.75e-06,2.06786
6.83333e-06,2.06786
6.83333e-06,4.01107
6.91667e-06,4.01107
6.91667e-06,7.99962
7e-06,7.99962
7e-06,13.0171
7.049999999999999e-06,13.0171
7.049999999999999e-06,17.8089
7.099999999999999e-06,17.8089
7.099999999999999e-06,23.6483
7.15e-06,23.6483
7.15e-06,49.4621
7.46667e-06,49.4621
7.46667e-06,120.622
7.78333e-06,120.622
7.78333e-06,162.604
8.099999999999999e-06,162.604
8.099999999999999e-06,165.745
8.43333e-06,165.745
8.43333e-06,154.39
8.76667e-06,154.39
8.76667e-06,141.586
9.1e-06,141.586
9.1e-06,131.055
9.4e-06,131.055
9.4e-06,122.742
9.699999999999999e-06,122.742
9.699999999999999e-06,115.799
9.999999999999999e-06,115.799
9.999999999999999e-06,108.2
1.05e-05,108.2
1.05e-05,100.557
1.1e-05,100.557
1.1e-05,94.3103
1.15e-05,94.3103
1.15e-05,90.8707
1.16333e-05,90.8707
1.16333e-05,89.5173
1.17667e-05,89.5173
1.17667e-05,88.2099
1.19e-05,88.2099
1.19e-05,86.0201
1.2233299999999999e-05,86.0201
1.2233299999999999e-05,83.0856
1.25667e-05,83.0856
1.25667e-05,80.3075
1.29e-05,80.3075
1.29e-05,77.8845
1.3183299999999998e-05,77.8845
1.3183299999999998e-05,75.7332
1.34667e-05,75.7332
1.34667e-05,73.6333
1.3749999999999999e-05,73.6333
1.3749999999999999e-05,71.8127
1.39667e-05,71.8127
1.39667e-05,70.2326
1.4183299999999999e-05,70.2326
1.4183299999999999e-05,68.5829
1.44e-05,68.5829
1.44e-05,67.0542
1.46333e-05,67.0542
1.46333e-05,65.4056
1.48667e-05,65.4056
1.48667e-05,63.7042
1.51e-05,63.7042
1.51e-05,61.8473
1.5399999999999998e-05,61.8473
1.5399999999999998e-05,59.6624
1.57e-05,59.6624
1.57e-05,57.4218
1.6e-05,57.4218
1.6e-05,55.0532
1.63333e-05,55.0532
1.63333e-05,52.448
1.6666699999999997e-05,52.448
1.6666699999999997e-05,49.7423
1.7e-05,49.7423
1.7e-05,46.1468
1.75e-05,46.1468
1.75e-05,41.5456
1.8e-05,41.5456
1.8e-05,36.478
1.85e-05,36.478
1.85e-05,33.0101
1.86667e-05,33.0101
1.86667e-05,31.0891
1.88333e-05,31.0891
1.88333e-05,29.1702
1.8999999999999998e-05,29.1702
1.8999999999999998e-05,25.9964
1.93333e-05,25.9964
1.93333e-05,21.6636
1.96667e-05,21.6636
1.96667e-05,16.973
1.9999999999999998e-05,16.973
1.9999999999999998e-05,12.0857
2.03333e-05,12.0857
2.03333e-05,7.31452
2.0666699999999996e-05,7.31452
2.0666699999999996e-05,8.50931
2.1e-05,8.50931
2.1e-05,7.38069
2.1499999999999997e-05,7.38069
2.1499999999999997e-05,16.9343
2.2e-05,16.9343
2.2e-05,26.8165
2.2499999999999998e-05,26.8165
2.2499999999999998e-05,38.1205
2.33333e-05,38.1205
2.33333e-05,48.8116
2.4166699999999997e-05,48.8116
2.4166699999999997e-05,50.9562
2.4999999999999998e-05,50.9562
2.4999999999999998e-05,44.7987
2.58333e-05,44.7987
2.58333e-05,34.2057
2.6666699999999997e-05,34.2057
2.6666699999999997e-05,23.3123
2.7499999999999998e-05,23.3123
2.7499999999999998e-05,14.7224
2.83333e-05,14.7224
2.83333e-05,9.9539
2.9166699999999996e-05,9.9539
2.9166699999999996e-05,9.06089
2.9999999999999997e-05,9.06089
2.9999999999999997e-05,9.66258
3.0416699999999996e-05,9.66258
3.0416699999999996e-05,10.1153
3.08333e-05,10.1153
3.08333e-05,10.4585
3.125e-05,10.4585
3.125e-05,10.6115
3.14167e-05,10.6115
3.14167e-05,10.6522
3.15833e-05,10.6522
3.15833e-05,10.6533
3.175e-05,10.6533
3.175e-05,10.5714
3.225e-05,10.5714
3.225e-05,10.2349
3.2749999999999996e-05,10.2349
3.2749999999999996e-05,9.63752
3.325e-05,9.63752
3.325e-05,9.11927
3.3416699999999995e-05,9.11927
3.3416699999999995e-05,8.80867
3.35833e-05,8.80867
3.35833e-05,8.47688
3.375e-05,8.47688
3.375e-05,7.99689
3.40333e-05,7.99689
3.40333e-05,7.33861
3.4316699999999996e-05,7.33861
3.4316699999999996e-05,6.64693
3.46e-05,6.64693
3.46e-05,5.90443
3.4899999999999995e-05,5.90443
3.4899999999999995e-05,5.14599
3.52e-05,5.14599
3.52e-05,4.42148
3.5499999999999996e-05,4.42148
3.5499999999999996e-05,3.59151
3.6e-05,3.59151
3.6e-05,3.75087
3.65e-05,3.75087
3.65e-05,3.44945
3.7e-05,3.44945
3.7e-05,4.08428
3.73333e-05,4.08428
3.73333e-05,4.77271
3.7666699999999996e-05,4.77271
3.7666699999999996e-05,7.05619
3.7999999999999995e-05,7.05619
3.7999999999999995e-05,11.6028
3.83667e-05,11.6028
3.83667e-05,19.4172
3.87333e-05,19.4172
3.87333e-05,30.9529
3.91e-05,30.9529
3.91e-05,42.0253
3.92667e-05,42.0253
3.92667e-05,49.6714
3.94333e-05,49.6714
3.94333e-05,57.9029
3.96e-05,57.9029
3.96e-05,73.7106
4.0066699999999994e-05,73.7106
4.0066699999999994e-05,96.7718
4.0533299999999994e-05,96.7718
4.0533299999999994e-05,113.812
4.1e-05,113.812
4.1e-05,122.859
4.14667e-05,122.859
4.14667e-05,125.096
4.19333e-05,125.096
4.19333e-05,122.866
4.2399999999999994e-05,122.866
4.2399999999999994e-05,117.902
4.29333e-05,117.902
4.29333e-05,111.669
4.34667e-05,111.669
4.34667e-05,105.309
4.4e-05,105.309
4.4e-05,100.077
4.4399999999999995e-05,100.077
4.4399999999999995e-05,95.9405
4.48e-05,95.9405
4.48e-05,92.1131
4.52e-05,92.1131
4.52e-05,87.761
4.5799999999999995e-05,87.761
4.5799999999999995e-05,83.1147
4.6399999999999996e-05,83.1147
4.6399999999999996e-05,79.0195
4.7e-05,79.0195
4.7e-05,75.8559
4.74333e-05,75.8559
4.74333e-05,73.4274
4.78667e-05,73.4274
4.78667e-05,71.1768
4.8299999999999995e-05,71.1768
4.8299999999999995e-05,69.3996
4.86e-05,69.3996
4.86e-05,68.0198
4.8899999999999996e-05,68.0198
4.8899999999999996e-05,66.6983
4.92e-05,66.6983
4.92e-05,65.0906
4.96667e-05,65.0906
4.96667e-05,63.2397
5.0133299999999997e-05,63.2397
5.0133299999999997e-05,61.4799
5.06e-05,61.4799
5.06e-05,59.8217
5.10667e-05,59.8217
5.10667e-05,58.2052
5.15333e-05,58.2052
5.15333e-05,56.6928
5.2e-05,56.6928
5.2e-05,55.2519
5.2466700000000004e-05,55.2519
5.2466700000000004e-05,53.8045
5.2933300000000004e-05,53.8045
5.2933300000000004e-05,52.4805
5.34e-05,52.4805
5.34e-05,49.0985
5.52667e-05,49.0985
5.52667e-05,44.0335
5.71333e-05,44.0335
5.71333e-05,38.8351
5.9e-05,38.8351
5.9e-05,35.1082
5.9666699999999996e-05,35.1082
5.9666699999999996e-05,32.9424
6.03333e-05,32.9424
6.03333e-05,30.6439
6.1e-05,30.6439
6.1e-05,26.6363
6.23333e-05,26.6363
6.23333e-05,20.4108
6.366669999999999e-05,20.4108
6.366669999999999e-05,12.3136
6.5e-05,12.3136
6.5e-05,5.63087
6.583329999999999e-05,5.63087
6.583329999999999e-05,4.88824
6.66667e-05,4.88824
6.66667e-05,9.93224
6.75e-05,9.93224
6.75e-05,20.7278
6.9e-05,20.7278
6.9e-05,33.7429
7.049999999999999e-05,33.7429
7.049999999999999e-05,34.4719
7.2e-05,34.4719
7.2e-05,25.0145
7.333329999999999e-05,25.0145
7.333329999999999e-05,15.6944
7.46667e-05,15.6944
7.46667e-05,11.3336
7.599999999999999e-05,11.3336
7.599999999999999e-05,10.4847
7.73333e-05,10.4847
7.73333e-05,9.4799
7.86667e-05,9.4799
7.86667e-05,6.79788
7.999999999999999e-05,6.79788
7.999999999999999e-05,8.30714
8.06667e-05,8.30714
8.06667e-05,16.9936
8.13333e-05,16.9936
8.13333e-05,11.4976
8.2e-05,11.4976
8.2e-05,82.0465
8.46667e-05,82.0465
8.46667e-05,79.4796
8.733329999999999e-05,79.4796
8.733329999999999e-05,57.3317
8.999999999999999e-05,57.3317
8.999999999999999e-05,48.0983
9.333329999999999e-05,48.0983
9.333329999999999e-05,42.7881
9.666670000000001e-05,42.7881
9.666670000000001e-05,39.3914
9.999999999999999e-05,39.3914
9.999999999999999e-05,37.137
0.000102667,37.137
0.000102667,35.4218
0.00010533299999999999,35.4218
0.00010533299999999999,33.9736
0.000108,33.9736
0.000108,32.759
0.00011033299999999999,32.759
0.00011033299999999999,31.724
0.000112667,31.724
0.000112667,30.766
0.00011499999999999999,30.766
0.00011499999999999999,30.0574
0.000116333,30.0574
0.000116333,29.561
0.000117667,29.561
0.000117667,29.0856
0.00011899999999999999,29.0856
0.00011899999999999999,28.6794
0.00011999999999999999,28.6794
0.00011999999999999999,28.3395
0.000121,28.3395
0.000121,28.0062
0.000122,28.0062
0.000122,24.5908
0.000143333,24.5908
0.000143333,18.8179
0.000164667,18.8179
0.000164667,9.36391
0.000186,9.36391
0.000186,2.85898
0.000188167,2.85898
0.000188167,0.830465
0.000190333,0.830465
0.000190333,3.62761
0.0001925,3.62761
0.0001925,9.78112
0.0001975,9.78112
0.0001975,14.2425
0.0002025,14.2425
0.0002025,6.85405
0.0002075,6.85405
0.0002075,5.12656
0.000208333,5.12656
0.000208333,3.28793
0.00020916699999999998,3.28793
0.00020916699999999998,5.97868
0.00020999999999999998,5.97868
0.00020999999999999998,11.8852
0.00021999999999999998,11.8852
0.00021999999999999998,20.4597
0.00022999999999999998,20.4597
0.00022999999999999998,6.56337
0.00023999999999999998,6.56337
0.00023999999999999998,26.4246
0.00025499999999999996,26.4246
0.00025499999999999996,22.32
0.00027,22.32
0.00027,18.9557
0.000285,18.9557
0.000285,17.2586
0.00029166699999999996,17.2586
0.00029166699999999996,16.325
0.000298333,16.325
0.000298333,15.4274
0.000305,15.4274
0.000305,2.51919
0.000403333,2.51919
0.000403333,18.9219
0.0005016669999999999,18.9219
0.0005016669999999999,2.06748
0.0006,2.06748
0.0006,7.94749
0.0006233329999999999,7.94749
0.0006233329999999999,11.895
0.000646667,11.895
0.000646667,8.19636
0.00067,8.19636
0.00067,7.22341
0.0006743329999999999,7.22341
0.0006743329999999999,6.9413
0.000678667,6.9413
0.000678667,6.67566
0.000683,6.67566
0.000683,29.9615
0.000772,29.9615
0.000772,2.70237
0.000861,2.70237
0.000861,6.58121
0.00095,6.58121
0.00095,34.4307
0.00101667,34.4307
0.00101667,13.4419
0.00108333,13.4419
0.00108333,1.01305
0.00115,1.01305
0.00115,13.4216
0.0012666700000000001,13.4216
0.0012666700000000001,11.7387
0.0013833299999999999,11.7387
0.0013833299999999999,23.4168
0.0015,23.4168
0.0015,34.062
0.00151667,34.062
0.00151667,36.9002
0.0015333299999999998,36.9002
0.0015333299999999998,39.9535
0.00155,39.9535
0.00155,49.8729
0.00163333,49.8729
0.00163333,76.3776
0.00171667,76.3776
0.00171667,123.845
0.0018,123.845
0.0018,226.391
0.0019333299999999998,226.391
0.0019333299999999998,165.101
0.00206667,165.101
0.00206667,121.768
0.0021999999999999997,121.768
0.0021999999999999997,102.69
0.0022299999999999998,102.69
0.0022299999999999998,96.948
0.00226,96.948
0.00226,91.9245
0.00229,91.9245
0.00229,83.1828
0.00238667,83.1828
0.00238667,73.5489
0.0024833299999999997,73.5489
0.0024833299999999997,66.6017
0.00258,66.6017
0.00258,54.6944
0.003,54.6944
0.003,42.3851
0.00374,42.3851
0.00374,37.3904
0.0039,37.3904
0.0039,13.1659
0.006,13.1659
0.006,185.515
0.008029999999999999,185.515
0.008029999999999999,1299.04
0.0095,1299.04
0.0095,4.93279
0.013,4.93279
0.013,152.117
0.016999999999999998,152.117
0.016999999999999998,550.321
0.02,550.321
0.02,550.321
0.049999999999999996,550.321
0.049999999999999996,5.14611
0.09999999999999999,5.14611
0.09999999999999999,5.18734
0.15,5.18734
0.15,5.13889
0.19999999999999998,5.13889
0.19999999999999998,7.43328
0.3,7.43328
0.3,5.49076
0.39999999999999997,5.49076
0.39999999999999997,5.14956
0.5,5.14956
0.5,4.9566
0.6,4.9566
0.6,4.91156
0.7,4.91156
0.7,4.89908
0.7999999999999999,4.89908
0.7999999999999999,4.89756
0.8999999999999999,4.89756
0.8999999999999999,4.89766
1.0,4.89766
1.0,1.24539
1.175,1.24539
1.175,1.26768
1.325,1.26768
1.325,0.871436
1.5,0.871436
1.5,0.762365
1.7,0.762365
1.7,0.738241
1.9,0.738241
1.9,0.70859
2.1,0.70859
2.1,0.717147
2.3,0.717147
2.3,0.72208
2.5,0.72208
2.5,0.704628
2.6999999999999997,0.704628
2.6999999999999997,0.776853
2.9,0.776853
2.9,0.705124
3.3,0.705124
3.3,0.691592
3.8,0.691592
3.8,0.717844
4.25,0.717844
4.25,0.744983
4.6,0.744983
4.6,0.765702
4.85,0.765702
4.85,0.73
5.1499999999999995,0.73
5.1499999999999995,0.824561
5.3999999999999995,0.824561
5.3999999999999995,0.79806
5.6499999999999995,0.79806
5.6499999999999995,0.842437
5.8999999999999995,0.842437
5.8999999999999995,0.870919
6.1,0.870919
6.1,0.928816
6.35,0.928816
6.35,0.849706
6.75,0.849706
6.75,0.838988
7.25,0.838988
7.25,0.892693
7.625,0.892693
7.625,0.998849
7.875,0.998849
7.875,0.841962
8.25,0.841962
8.25,0.888257
8.75,0.888257
8.75,0.878294
9.5,0.878294
9.5,0.942497
10.5,0.942497
10.5,1.00504
11.25,1.00504
11.25,1.09545
11.75,1.09545
11.75,1.01139
12.5,1.01139
12.5,0.850235
13.5,0.850235
13.5,0.709013
14.25,0.709013
14.25,0.631585
14.75,0.631585
14.75,0.800937
15.5,0.800937
15.5,0.961717
16.5,0.961717
16.5,1.02294
17.5,1.02294
17.5,1.03562
18.5,1.03562
18.5,0.974423
19.5,0.974423
19.5,1.19164
20.5,1.19164
20.5,1.17813
21.5,1.17813
21.5,1.75442
22.5,1.75442
22.5,1.4903
23.5,1.4903
23.5,1.61183
24.5,1.61183
24.5,1.40535
25.5,1.40535
25.5,1.78662
26.5,1.78662
26.5,1.5678
27.5,1.5678
27.5,1.83821
28.5,1.83821
28.5,1.5729
29.5,1.5729
29.5,1.60624
30.0,1.60624
30.0,1.57797
31.0,1.57797
31.0,0.
